ticket_id,created_at,subject,description,category,priority,source,affected_service
TKT-0632,2026-08-25 15:50:00,Laptop will not start,"Hi support, Several keys stopped responding after I returned from lunch. I am working remotely today.",Hardware,Medium,Email,Battery
TKT-0485,2026-07-06 05:37:00,Software install request,"Hello, The program says no license is available even though I used it yesterday. I am working remotely today.",Software,Medium,Chat,Project Management Tool
TKT-0478,2026-08-28 01:43:00,License error,Please help. The application closes immediately after I open the project file. The issue continues after a restart.,Software,Medium,Portal,Project Management Tool
TKT-0628,2026-07-09 04:15:00,Docking station issue,Please help. The laptop does not power on even when it is connected to the charger. The issue continues after a restart.,Hardware,High,Portal,Battery
TKT-0464,2026-07-26 05:04:00,Program will not open,"Hello, I need the approved software installed for a new assignment. The issue continues after a restart.",Software,High,Portal,CAD Application
TKT-0667,2026-07-07 15:53:00,Docking station issue,USB devices disconnect whenever I connect through the docking station. Another team member can use the same service.,Hardware,Medium,Portal,Monitor
TKT-0645,2026-08-15 14:08:00,Laptop will not start,Several keys stopped responding after I returned from lunch. I am working remotely today.,Hardware,Low,Phone,Keyboard
TKT-0677,2026-08-10 01:35:00,Battery drains quickly,"IT team, The second monitor is blank and is not shown in display settings. I have a client deadline later today.",Hardware,High,Portal,Battery
TKT-0526,2026-08-12 12:57:00,Program will not open,"Hi support, The latest update repeatedly fails near the end of installation. Please let me know what information you need.",Software,Low,Chat,PDF Editor
TKT-0587,2026-08-24 21:36:00,Software install request,I need the approved software installed for a new assignment. There is no error code displayed.,Software,High,Chat,Finance Application
TKT-0601,2026-06-13 00:50:00,Keyboard stopped working,"Hello, Several keys stopped responding after I returned from lunch. I am working remotely today.",Hardware,Medium,Phone,Laptop
TKT-0589,2026-08-25 15:02:00,Software install request,The application closes immediately after I open the project file. This started this morning.,Software,High,Phone,CAD Application
TKT-0590,2026-06-03 13:53:00,Program will not open,"Hello, The application closes immediately after I open the project file. Please let me know what information you need.",Software,Medium,Phone,PDF Editor
TKT-0656,2026-06-01 06:29:00,Laptop will not start,"IT team, The laptop does not power on even when it is connected to the charger. I am working remotely today.",Hardware,High,Portal,Battery
TKT-0502,2026-07-15 19:53:00,Software install request,"Hello, The application closes immediately after I open the project file. The problem began after the latest update.",Software,Medium,Phone,Finance Application
TKT-0596,2026-07-09 02:01:00,Application crashes,"Hi support, The application closes immediately after I open the project file. I have a client deadline later today.",Software,Medium,Email,PDF Editor
TKT-0626,2026-07-17 16:39:00,Battery drains quickly,"Hi support, The battery now lasts less than one hour after a full charge. Please let me know what information you need.",Hardware,Medium,Phone,Docking Station
TKT-0598,2026-07-17 11:17:00,Update failed,"IT team, I need the approved software installed for a new assignment. I am working remotely today.",Software,Medium,Phone,CAD Application
TKT-0535,2026-06-15 00:16:00,Application crashes,"IT team, I need the approved software installed for a new assignment. Please let me know what information you need.",Software,Medium,Phone,CAD Application
TKT-0610,2026-06-14 21:16:00,Docking station issue,"Hi support, Several keys stopped responding after I returned from lunch. There is no error code displayed.",Hardware,Medium,Chat,Monitor
TKT-0585,2026-06-09 14:41:00,Program will not open,The program displays an error message and will not open. The problem began after the latest update.,Software,Medium,Portal,Finance Application
TKT-0654,2026-08-16 05:02:00,Keyboard stopped working,The battery now lasts less than one hour after a full charge. The issue continues after a restart.,Hardware,High,Chat,Docking Station
TKT-0619,2026-08-13 22:40:00,Monitor not detected,"Hello, Several keys stopped responding after I returned from lunch. The problem began after the latest update.",Hardware,Medium,Phone,Laptop
TKT-0575,2026-07-10 09:28:00,Update failed,"Hello, The program displays an error message and will not open. The issue continues after a restart.",Software,Medium,Chat,PDF Editor
TKT-0560,2026-07-21 00:28:00,Software install request,Please help. I need the approved software installed for a new assignment. I am working remotely today.,Software,Low,Portal,CAD Application
TKT-0609,2026-06-25 05:10:00,Monitor not detected,Several keys stopped responding after I returned from lunch. There is no error code displayed.,Hardware,High,Email,Battery
TKT-0295,2026-08-22 11:34:00,Cannot reach shared drive,Please help. My laptop shows connected to Wi Fi but no internal sites will load. The issue continues after a restart.,Network and VPN,Medium,Chat,Corporate VPN
TKT-0175,2026-06-02 10:39:00,Wi Fi keeps dropping,"Hello, Websites work but I cannot reach the shared project drive from home. I am working remotely today.",Network and VPN,Medium,Portal,Remote Desktop
TKT-0584,2026-08-23 11:48:00,License error,"Hello, The application closes immediately after I open the project file. I have a client deadline later today.",Software,Medium,Chat,Finance Application
TKT-0548,2026-07-15 00:36:00,Program will not open,"IT team, The program says no license is available even though I used it yesterday. I am working remotely today.",Software,High,Email,PDF Editor
TKT-0255,2026-08-01 07:54:00,No network access,Please help. My laptop shows connected to Wi Fi but no internal sites will load. The issue continues after a restart.,Network and VPN,Medium,Portal,Remote Desktop
TKT-0624,2026-08-28 21:18:00,Battery drains quickly,Please help. The battery now lasts less than one hour after a full charge. Another team member can use the same service.,Hardware,High,Phone,Monitor
TKT-0098,2026-06-03 11:24:00,Password reset needed,"Hello, I can sign in to my laptop but the application says I do not have access. I have a client deadline later today.",Account Access,Medium,Chat,Microsoft 365
TKT-0037,2026-08-18 13:12:00,Cannot sign in,Please help. The multifactor authentication code is not arriving on my phone. I have a client deadline later today.,Account Access,High,Portal,Identity Portal
TKT-0467,2026-07-23 20:43:00,License error,"Hello, I need the approved software installed for a new assignment. The problem began after the latest update.",Software,Medium,Phone,Finance Application
TKT-0022,2026-08-08 16:30:00,MFA code not working,Please help. My password expired and the reset page will not accept the new password. I am working remotely today.,Account Access,Low,Email,Time Entry
TKT-0452,2026-08-07 14:11:00,License error,The latest update repeatedly fails near the end of installation. The problem began after the latest update.,Software,Low,Phone,Finance Application
TKT-0264,2026-07-03 19:33:00,No network access,My laptop shows connected to Wi Fi but no internal sites will load. This started this morning.,Network and VPN,High,Chat,Project File Share
TKT-0052,2026-08-07 12:06:00,Cannot sign in,"IT team, My password expired and the reset page will not accept the new password. This started this morning.",Account Access,Medium,Email,Time Entry
TKT-0003,2026-06-01 08:37:00,Access denied,"Hi support, I entered the wrong password several times and my account is now locked. The problem began after the latest update.",Account Access,Low,Portal,Time Entry
TKT-0608,2026-06-01 21:16:00,Keyboard stopped working,"IT team, Several keys stopped responding after I returned from lunch. This started this morning.",Hardware,Medium,Chat,Docking Station
TKT-0401,2026-07-10 14:09:00,Mailbox is full,"Hello, A project attachment is being blocked when I try to send it. I have a client deadline later today.",Email,Low,Chat,Outlook
TKT-0272,2026-07-17 22:12:00,VPN will not connect,My laptop shows connected to Wi Fi but no internal sites will load. I am working remotely today.,Network and VPN,Low,Email,Remote Desktop
TKT-0002,2026-06-28 14:32:00,Cannot sign in,Please help. The multifactor authentication code is not arriving on my phone. The problem began after the latest update.,Account Access,Medium,Phone,Time Entry
TKT-0008,2026-06-02 12:25:00,Cannot sign in,"IT team, I can sign in to my laptop but the application says I do not have access. This started this morning.",Account Access,Medium,Phone,Project Portal
TKT-0449,2026-07-03 21:30:00,Mailbox is full,"IT team, A project attachment is being blocked when I try to send it. This started this morning.",Email,Low,Email,Exchange Online
TKT-0455,2026-06-22 05:21:00,Update failed,"Hello, The program displays an error message and will not open. I am working remotely today.",Software,Medium,Email,PDF Editor
TKT-0049,2026-06-21 11:48:00,Password reset needed,"Hello, I changed my password this morning and now my credentials are rejected. I am working remotely today.",Account Access,Medium,Portal,Microsoft 365
TKT-0557,2026-06-18 09:58:00,Software install request,"IT team, The latest update repeatedly fails near the end of installation. There is no error code displayed.",Software,Low,Chat,Finance Application
TKT-0044,2026-07-17 17:20:00,Cannot sign in,Please help. I entered the wrong password several times and my account is now locked. I am working remotely today.,Account Access,High,Phone,Time Entry
TKT-0683,2026-07-15 13:11:00,Laptop will not start,The second monitor is blank and is not shown in display settings. I have a client deadline later today.,Hardware,Medium,Email,Laptop
TKT-0508,2026-06-06 04:20:00,Application crashes,"Hi support, I need the approved software installed for a new assignment. Another team member can use the same service.",Software,Medium,Email,Project Management Tool
TKT-0625,2026-07-27 07:21:00,Battery drains quickly,"Hi support, USB devices disconnect whenever I connect through the docking station. The problem began after the latest update.",Hardware,Medium,Chat,Docking Station
TKT-0367,2026-07-04 01:55:00,Too much spam,Please help. Several expected emails are missing even though the senders received no error. This started this morning.,Email,Medium,Email,Email Gateway
TKT-0396,2026-06-08 20:25:00,Missing messages,"Hello, Several expected emails are missing even though the senders received no error. There is no error code displayed.",Email,Low,Chat,Exchange Online
TKT-0651,2026-08-13 21:52:00,Battery drains quickly,"Hi support, The battery now lasts less than one hour after a full charge. Another team member can use the same service.",Hardware,Medium,Portal,Docking Station
TKT-0577,2026-08-13 06:03:00,Software install request,The program displays an error message and will not open. The issue continues after a restart.,Software,Medium,Chat,PDF Editor
TKT-0582,2026-08-11 14:49:00,Software install request,Please help. The latest update repeatedly fails near the end of installation. The issue continues after a restart.,Software,Low,Phone,CAD Application
TKT-0637,2026-08-03 04:33:00,Battery drains quickly,The battery now lasts less than one hour after a full charge. I am working remotely today.,Hardware,High,Chat,Docking Station
TKT-0574,2026-07-19 15:41:00,Application crashes,Please help. The program says no license is available even though I used it yesterday. There is no error code displayed.,Software,Medium,Portal,CAD Application
TKT-0266,2026-07-14 00:27:00,VPN will not connect,Please help. Websites work but I cannot reach the shared project drive from home. The problem began after the latest update.,Network and VPN,Medium,Portal,Remote Desktop
TKT-0507,2026-08-24 23:03:00,Program will not open,"IT team, The program displays an error message and will not open. The issue continues after a restart.",Software,Low,Portal,Project Management Tool
TKT-0349,2026-06-11 00:20:00,Mailbox is full,Outlook reports that my mailbox has reached its storage limit. This started this morning.,Email,Medium,Email,Outlook
TKT-0422,2026-08-23 04:49:00,Attachment blocked,Please help. Several expected emails are missing even though the senders received no error. Please let me know what information you need.,Email,Low,Chat,Email Gateway
TKT-0543,2026-08-07 02:51:00,Program will not open,I need the approved software installed for a new assignment. Another team member can use the same service.,Software,Medium,Chat,PDF Editor
TKT-0026,2026-07-11 03:45:00,MFA code not working,Please help. I entered the wrong password several times and my account is now locked. There is no error code displayed.,Account Access,Low,Phone,Microsoft 365
TKT-0748,2026-06-23 19:14:00,Monitor not detected,"IT team, The battery now lasts less than one hour after a full charge. The problem began after the latest update.",Hardware,Medium,Chat,Battery
TKT-0710,2026-07-16 13:02:00,Keyboard stopped working,"IT team, USB devices disconnect whenever I connect through the docking station. There is no error code displayed.",Hardware,Low,Email,Monitor
TKT-0045,2026-08-09 05:54:00,Account locked,I entered the wrong password several times and my account is now locked. The problem began after the latest update.,Account Access,Medium,Portal,Time Entry
TKT-0579,2026-07-08 06:44:00,License error,"IT team, I need the approved software installed for a new assignment. Another team member can use the same service.",Software,Medium,Email,PDF Editor
TKT-0605,2026-07-31 17:06:00,Monitor not detected,"Hello, The second monitor is blank and is not shown in display settings. Another team member can use the same service.",Hardware,Medium,Chat,Battery
TKT-0828,2026-08-18 13:21:00,Lost company device,"Hi support, I received a password reset notification that I did not request. The issue continues after a restart.",Security,High,Portal,Security Operations
TKT-0442,2026-07-31 16:30:00,Missing messages,"IT team, Outlook reports that my mailbox has reached its storage limit. There is no error code displayed.",Email,Medium,Phone,Shared Mailbox
TKT-0263,2026-08-18 04:37:00,Wi Fi keeps dropping,Please help. My laptop shows connected to Wi Fi but no internal sites will load. There is no error code displayed.,Network and VPN,High,Chat,Project File Share
TKT-0607,2026-08-29 10:27:00,Laptop will not start,Please help. Several keys stopped responding after I returned from lunch. Please let me know what information you need.,Hardware,Medium,Portal,Laptop
TKT-0267,2026-08-22 03:22:00,Remote connection is slow,"Hi support, The VPN client stops while connecting and reports that the gateway is unavailable. Another team member can use the same service.",Network and VPN,High,Phone,Corporate VPN
TKT-0368,2026-08-30 14:19:00,Missing messages,"Hi support, I am receiving a large increase in unwanted messages today. The issue continues after a restart.",Email,High,Chat,Shared Mailbox
TKT-0106,2026-07-01 20:59:00,Cannot sign in,"Hi support, The multifactor authentication code is not arriving on my phone. I am working remotely today.",Account Access,High,Chat,Microsoft 365
TKT-0874,2026-06-10 11:33:00,Unexpected login alert,"IT team, My company phone is missing and may have been left in a public location. Please let me know what information you need.",Security,High,Email,Endpoint Protection
TKT-0058,2026-08-17 21:49:00,Cannot sign in,"Hello, I entered the wrong password several times and my account is now locked. Please let me know what information you need.",Account Access,Medium,Chat,Time Entry
TKT-0444,2026-07-15 08:55:00,Attachment blocked,Messages remain in the outbox and do not send to external recipients. There is no error code displayed.,Email,Medium,Email,Email Gateway
TKT-0475,2026-07-19 14:38:00,License error,"Hello, The program says no license is available even though I used it yesterday. The issue continues after a restart.",Software,Medium,Chat,Finance Application
TKT-0644,2026-07-25 05:54:00,Docking station issue,USB devices disconnect whenever I connect through the docking station. There is no error code displayed.,Hardware,Medium,Chat,Docking Station
TKT-0231,2026-06-16 02:32:00,VPN will not connect,"IT team, My laptop shows connected to Wi Fi but no internal sites will load. The problem began after the latest update.",Network and VPN,Medium,Email,Project File Share
TKT-0674,2026-07-30 04:01:00,Battery drains quickly,"Hi support, USB devices disconnect whenever I connect through the docking station. This started this morning.",Hardware,High,Email,Monitor
TKT-0010,2026-08-26 22:35:00,Account locked,"Hello, The multifactor authentication code is not arriving on my phone. I have a client deadline later today.",Account Access,Medium,Email,Project Portal
TKT-0077,2026-07-19 23:04:00,Account locked,"Hi support, I changed my password this morning and now my credentials are rejected. Another team member can use the same service.",Account Access,High,Email,Microsoft 365
TKT-0054,2026-06-22 22:44:00,Password reset needed,I changed my password this morning and now my credentials are rejected. This started this morning.,Account Access,Medium,Email,Time Entry
TKT-0880,2026-06-16 15:54:00,Unexpected login alert,"IT team, A security warning appeared after I opened a downloaded file. The problem began after the latest update.",Security,Critical,Chat,Security Operations
TKT-0114,2026-06-30 20:20:00,Cannot sign in,I changed my password this morning and now my credentials are rejected. The problem began after the latest update.,Account Access,High,Email,Time Entry
TKT-0238,2026-06-23 10:51:00,Wi Fi keeps dropping,"Hi support, The network connection is extremely slow when I open large files remotely. Another team member can use the same service.",Network and VPN,Low,Phone,Office Wi Fi
TKT-0033,2026-06-18 08:04:00,Password reset needed,My password expired and the reset page will not accept the new password. The issue continues after a restart.,Account Access,Low,Chat,Time Entry
TKT-0604,2026-08-26 10:27:00,Monitor not detected,USB devices disconnect whenever I connect through the docking station. Another team member can use the same service.,Hardware,High,Chat,Docking Station
TKT-0588,2026-07-06 16:59:00,License error,"Hi support, The latest update repeatedly fails near the end of installation. The problem began after the latest update.",Software,Medium,Portal,Project Management Tool
TKT-0761,2026-07-26 15:41:00,Possible malware warning,My company phone is missing and may have been left in a public location. The problem began after the latest update.,Security,High,Email,Endpoint Protection
TKT-0280,2026-06-30 16:49:00,No network access,"Hi support, Websites work but I cannot reach the shared project drive from home. This started this morning.",Network and VPN,Medium,Phone,Remote Desktop
TKT-0686,2026-06-09 17:56:00,Battery drains quickly,USB devices disconnect whenever I connect through the docking station. The problem began after the latest update.,Hardware,Medium,Portal,Monitor
TKT-0565,2026-08-02 17:52:00,Program will not open,"IT team, The latest update repeatedly fails near the end of installation. There is no error code displayed.",Software,High,Portal,PDF Editor
TKT-0354,2026-08-18 10:31:00,Mailbox is full,A project attachment is being blocked when I try to send it. Please let me know what information you need.,Email,Low,Portal,Shared Mailbox
TKT-0853,2026-08-29 03:21:00,Lost company device,"Hello, I received an email asking me to sign in through a link that does not look legitimate. Another team member can use the same service.",Security,Medium,Chat,Identity Portal
TKT-0094,2026-06-21 19:57:00,Access denied,The multifactor authentication code is not arriving on my phone. Another team member can use the same service.,Account Access,Low,Chat,Identity Portal
TKT-0423,2026-08-26 16:03:00,Too much spam,"Hi support, Several expected emails are missing even though the senders received no error. The issue continues after a restart.",Email,High,Email,Email Gateway
TKT-0550,2026-06-24 09:54:00,Software install request,Please help. The latest update repeatedly fails near the end of installation. There is no error code displayed.,Software,Medium,Phone,Finance Application
TKT-0621,2026-07-06 17:52:00,Docking station issue,"Hello, Several keys stopped responding after I returned from lunch. The issue continues after a restart.",Hardware,Medium,Phone,Docking Station
TKT-0661,2026-07-21 00:50:00,Keyboard stopped working,Please help. Several keys stopped responding after I returned from lunch. I am working remotely today.,Hardware,High,Portal,Monitor
TKT-0842,2026-08-08 16:25:00,Suspicious email received,"Hi support, A security warning appeared after I opened a downloaded file. There is no error code displayed.",Security,Critical,Portal,Identity Portal
TKT-0652,2026-07-01 07:17:00,Monitor not detected,"Hi support, The second monitor is blank and is not shown in display settings. I am working remotely today.",Hardware,Medium,Chat,Docking Station
TKT-0476,2026-06-08 00:10:00,License error,"Hi support, The application closes immediately after I open the project file. I am working remotely today.",Software,Medium,Email,Finance Application
TKT-0479,2026-07-27 20:43:00,Update failed,"Hi support, I need the approved software installed for a new assignment. This started this morning.",Software,Low,Email,CAD Application
TKT-0402,2026-08-01 18:21:00,Mailbox is full,"IT team, Messages remain in the outbox and do not send to external recipients. The problem began after the latest update.",Email,Low,Portal,Exchange Online
TKT-0273,2026-07-01 08:28:00,Remote connection is slow,"Hi support, My wireless connection disconnects every few minutes in the office. The problem began after the latest update.",Network and VPN,High,Phone,Office Wi Fi
TKT-0799,2026-07-15 18:07:00,Possible malware warning,Please help. I received a password reset notification that I did not request. Another team member can use the same service.,Security,Critical,Portal,Endpoint Protection
TKT-0633,2026-08-06 08:01:00,Monitor not detected,"IT team, USB devices disconnect whenever I connect through the docking station. I have a client deadline later today.",Hardware,Medium,Phone,Monitor
TKT-0421,2026-07-04 08:55:00,Too much spam,Several expected emails are missing even though the senders received no error. I have a client deadline later today.,Email,Low,Email,Shared Mailbox
TKT-0662,2026-06-30 03:51:00,Battery drains quickly,"Hi support, The laptop does not power on even when it is connected to the charger. There is no error code displayed.",Hardware,Medium,Email,Monitor
TKT-0456,2026-07-23 11:31:00,Update failed,Please help. The application closes immediately after I open the project file. This started this morning.,Software,High,Email,PDF Editor
TKT-0080,2026-06-22 09:52:00,Cannot sign in,I can sign in to my laptop but the application says I do not have access. The issue continues after a restart.,Account Access,Medium,Phone,Project Portal
TKT-0241,2026-07-27 14:32:00,Cannot reach shared drive,"Hello, My wireless connection disconnects every few minutes in the office. I am working remotely today.",Network and VPN,Medium,Phone,Remote Desktop
TKT-0836,2026-08-01 01:10:00,Unexpected login alert,"Hello, A security warning appeared after I opened a downloaded file. Please let me know what information you need.",Security,High,Email,Endpoint Protection
TKT-0279,2026-07-09 10:51:00,Remote connection is slow,"IT team, Websites work but I cannot reach the shared project drive from home. This started this morning.",Network and VPN,Low,Chat,Office Wi Fi
TKT-0069,2026-08-01 09:00:00,Password reset needed,"IT team, I entered the wrong password several times and my account is now locked. The problem began after the latest update.",Account Access,Medium,Chat,Project Portal
TKT-0639,2026-08-24 23:48:00,Battery drains quickly,"Hello, USB devices disconnect whenever I connect through the docking station. I am working remotely today.",Hardware,Medium,Email,Laptop
TKT-0081,2026-08-11 17:46:00,Access denied,I can sign in to my laptop but the application says I do not have access. The problem began after the latest update.,Account Access,Medium,Portal,Identity Portal
TKT-0050,2026-06-20 20:19:00,Account locked,"Hello, My password expired and the reset page will not accept the new password. The issue continues after a restart.",Account Access,Low,Phone,Project Portal
TKT-0845,2026-08-22 22:28:00,Unexpected login alert,"Hi support, I received an email asking me to sign in through a link that does not look legitimate. Another team member can use the same service.",Security,High,Chat,Identity Portal
TKT-0095,2026-08-04 14:58:00,Account locked,The multifactor authentication code is not arriving on my phone. I am working remotely today.,Account Access,Medium,Chat,Project Portal
TKT-0664,2026-07-21 20:23:00,Docking station issue,"IT team, The laptop does not power on even when it is connected to the charger. There is no error code displayed.",Hardware,Medium,Chat,Laptop
TKT-0357,2026-07-07 09:11:00,Mailbox is full,"Hi support, I am receiving a large increase in unwanted messages today. Another team member can use the same service.",Email,Low,Portal,Shared Mailbox
TKT-0743,2026-07-11 20:07:00,Keyboard stopped working,"IT team, The laptop does not power on even when it is connected to the charger. There is no error code displayed.",Hardware,Medium,Portal,Keyboard
TKT-0067,2026-07-07 17:10:00,Access denied,"Hello, I entered the wrong password several times and my account is now locked. There is no error code displayed.",Account Access,Medium,Portal,Time Entry
TKT-0434,2026-06-23 20:50:00,Too much spam,"Hello, Messages remain in the outbox and do not send to external recipients. Please let me know what information you need.",Email,High,Portal,Exchange Online
TKT-0032,2026-08-10 22:04:00,Password reset needed,Please help. I entered the wrong password several times and my account is now locked. Another team member can use the same service.,Account Access,Low,Email,Time Entry
TKT-0679,2026-07-03 18:45:00,Keyboard stopped working,"Hello, The battery now lasts less than one hour after a full charge. This started this morning.",Hardware,Medium,Email,Laptop
TKT-0537,2026-06-16 14:58:00,Program will not open,"Hi support, The latest update repeatedly fails near the end of installation. This started this morning.",Software,Medium,Chat,CAD Application
TKT-0234,2026-07-17 03:09:00,VPN will not connect,The VPN client stops while connecting and reports that the gateway is unavailable. The problem began after the latest update.,Network and VPN,Low,Phone,Remote Desktop
TKT-0268,2026-08-30 13:21:00,No network access,"Hi support, My laptop shows connected to Wi Fi but no internal sites will load. There is no error code displayed.",Network and VPN,Medium,Email,Corporate VPN
TKT-0461,2026-07-29 17:11:00,Update failed,"Hello, The latest update repeatedly fails near the end of installation. Please let me know what information you need.",Software,Medium,Chat,Project Management Tool
TKT-0247,2026-06-12 05:35:00,Remote connection is slow,"IT team, My wireless connection disconnects every few minutes in the office. Another team member can use the same service.",Network and VPN,Low,Phone,Project File Share
TKT-0257,2026-06-11 08:30:00,Cannot reach shared drive,My laptop shows connected to Wi Fi but no internal sites will load. There is no error code displayed.,Network and VPN,Medium,Phone,Corporate VPN
TKT-0090,2026-06-28 05:11:00,Access denied,"Hi support, I can sign in to my laptop but the application says I do not have access. The problem began after the latest update.",Account Access,Low,Portal,Time Entry
TKT-0672,2026-08-06 14:09:00,Monitor not detected,The laptop does not power on even when it is connected to the charger. I am working remotely today.,Hardware,High,Email,Monitor
TKT-0291,2026-08-23 05:06:00,Remote connection is slow,Websites work but I cannot reach the shared project drive from home. There is no error code displayed.,Network and VPN,Medium,Portal,Project File Share
TKT-0203,2026-08-19 05:57:00,Wi Fi keeps dropping,Please help. Websites work but I cannot reach the shared project drive from home. Please let me know what information you need.,Network and VPN,Medium,Portal,Office Wi Fi
TKT-0275,2026-06-09 23:34:00,No network access,"IT team, The VPN client stops while connecting and reports that the gateway is unavailable. I have a client deadline later today.",Network and VPN,Medium,Portal,Office Wi Fi
TKT-0573,2026-07-29 00:24:00,License error,"IT team, I need the approved software installed for a new assignment. The issue continues after a restart.",Software,Low,Chat,PDF Editor
TKT-0860,2026-06-20 03:46:00,Possible malware warning,"IT team, My company phone is missing and may have been left in a public location. Please let me know what information you need.",Security,Medium,Phone,Identity Portal
TKT-0766,2026-07-21 16:39:00,Lost company device,Please help. The account portal reported a login from a location I do not recognize. The issue continues after a restart.,Security,High,Phone,Email Gateway
TKT-0297,2026-06-15 17:16:00,No network access,"Hello, My laptop shows connected to Wi Fi but no internal sites will load. There is no error code displayed.",Network and VPN,Medium,Portal,Corporate VPN
TKT-0210,2026-08-15 02:25:00,VPN will not connect,"Hi support, The network connection is extremely slow when I open large files remotely. This started this morning.",Network and VPN,Medium,Chat,Remote Desktop
TKT-0205,2026-07-11 09:12:00,Remote connection is slow,"IT team, The VPN client stops while connecting and reports that the gateway is unavailable. I have a client deadline later today.",Network and VPN,Medium,Email,Corporate VPN
TKT-0043,2026-06-05 09:30:00,MFA code not working,"Hi support, I changed my password this morning and now my credentials are rejected. Another team member can use the same service.",Account Access,Medium,Email,Time Entry
TKT-0659,2026-06-13 16:10:00,Laptop will not start,USB devices disconnect whenever I connect through the docking station. I have a client deadline later today.,Hardware,High,Phone,Monitor
TKT-0593,2026-06-17 16:29:00,License error,Please help. I need the approved software installed for a new assignment. The problem began after the latest update.,Software,High,Portal,PDF Editor
TKT-0424,2026-07-26 14:09:00,Email not sending,"IT team, Messages remain in the outbox and do not send to external recipients. I am working remotely today.",Email,Low,Email,Email Gateway
TKT-0663,2026-08-25 15:50:00,Battery drains quickly,"Hello, USB devices disconnect whenever I connect through the docking station. Another team member can use the same service.",Hardware,High,Email,Battery
TKT-0075,2026-08-29 12:33:00,Cannot sign in,I changed my password this morning and now my credentials are rejected. There is no error code displayed.,Account Access,High,Email,Identity Portal
TKT-0804,2026-08-07 03:22:00,Suspicious email received,"Hello, The account portal reported a login from a location I do not recognize. I have a client deadline later today.",Security,Medium,Phone,Endpoint Protection
TKT-0528,2026-06-04 00:49:00,License error,"IT team, The program displays an error message and will not open. Another team member can use the same service.",Software,High,Phone,Project Management Tool
TKT-0274,2026-07-25 12:30:00,Cannot reach shared drive,Websites work but I cannot reach the shared project drive from home. The issue continues after a restart.,Network and VPN,Medium,Phone,Office Wi Fi
TKT-0758,2026-08-30 14:06:00,Unexpected login alert,"IT team, I received an email asking me to sign in through a link that does not look legitimate. There is no error code displayed.",Security,High,Phone,Identity Portal
TKT-0172,2026-08-12 22:19:00,Cannot reach shared drive,"Hi support, My wireless connection disconnects every few minutes in the office. The issue continues after a restart.",Network and VPN,High,Phone,Office Wi Fi
TKT-0334,2026-07-10 23:32:00,Email not sending,"Hi support, Messages remain in the outbox and do not send to external recipients. The problem began after the latest update.",Email,Medium,Phone,Exchange Online
TKT-0726,2026-08-09 04:37:00,Keyboard stopped working,The battery now lasts less than one hour after a full charge. There is no error code displayed.,Hardware,Medium,Chat,Laptop
TKT-0806,2026-08-25 22:48:00,Unusual password reset,"Hello, I received a password reset notification that I did not request. There is no error code displayed.",Security,Medium,Portal,Security Operations
TKT-0707,2026-06-26 18:53:00,Docking station issue,"Hi support, USB devices disconnect whenever I connect through the docking station. The problem began after the latest update.",Hardware,Low,Portal,Laptop
TKT-0586,2026-06-15 18:23:00,Application crashes,"IT team, The latest update repeatedly fails near the end of installation. I have a client deadline later today.",Software,Low,Portal,PDF Editor
TKT-0457,2026-08-04 18:54:00,Program will not open,"IT team, The application closes immediately after I open the project file. This started this morning.",Software,Medium,Email,Project Management Tool
TKT-0802,2026-07-19 15:12:00,Suspicious email received,"Hello, A security warning appeared after I opened a downloaded file. The issue continues after a restart.",Security,High,Portal,Identity Portal
TKT-0534,2026-08-15 02:58:00,Software install request,I need the approved software installed for a new assignment. The problem began after the latest update.,Software,Medium,Phone,Finance Application
TKT-0591,2026-07-22 11:02:00,Update failed,The program displays an error message and will not open. I have a client deadline later today.,Software,Low,Email,Project Management Tool
TKT-0393,2026-07-29 11:58:00,Mailbox is full,A project attachment is being blocked when I try to send it. This started this morning.,Email,Medium,Phone,Outlook
TKT-0499,2026-08-10 20:25:00,Software install request,The program displays an error message and will not open. The issue continues after a restart.,Software,Low,Phone,Project Management Tool
TKT-0057,2026-08-29 17:22:00,MFA code not working,"IT team, I entered the wrong password several times and my account is now locked. Another team member can use the same service.",Account Access,Low,Phone,Project Portal
TKT-0797,2026-07-14 12:57:00,Suspicious email received,"Hi support, The account portal reported a login from a location I do not recognize. Another team member can use the same service.",Security,High,Chat,Endpoint Protection
TKT-0391,2026-08-16 01:38:00,Too much spam,"Hello, I am receiving a large increase in unwanted messages today. Please let me know what information you need.",Email,High,Portal,Email Gateway
TKT-0072,2026-08-22 04:07:00,Account locked,"IT team, I entered the wrong password several times and my account is now locked. I have a client deadline later today.",Account Access,Low,Phone,Project Portal
TKT-0284,2026-07-28 00:40:00,VPN will not connect,"IT team, Websites work but I cannot reach the shared project drive from home. I am working remotely today.",Network and VPN,Medium,Email,Office Wi Fi
TKT-0305,2026-06-19 23:24:00,Mailbox is full,Please help. Outlook reports that my mailbox has reached its storage limit. The issue continues after a restart.,Email,High,Email,Exchange Online
TKT-0629,2026-06-03 06:16:00,Laptop will not start,The battery now lasts less than one hour after a full charge. There is no error code displayed.,Hardware,Medium,Portal,Laptop
TKT-0546,2026-07-28 13:44:00,License error,"Hello, The program says no license is available even though I used it yesterday. The problem began after the latest update.",Software,Medium,Chat,Project Management Tool
TKT-0347,2026-06-19 04:11:00,Too much spam,"IT team, Messages remain in the outbox and do not send to external recipients. The issue continues after a restart.",Email,Medium,Chat,Outlook
TKT-0623,2026-08-07 18:57:00,Monitor not detected,"Hi support, The second monitor is blank and is not shown in display settings. There is no error code displayed.",Hardware,Medium,Email,Monitor
TKT-0071,2026-07-13 11:10:00,Access denied,"IT team, My password expired and the reset page will not accept the new password. I have a client deadline later today.",Account Access,Low,Phone,Identity Portal
TKT-0735,2026-08-18 06:05:00,Battery drains quickly,"Hi support, The laptop does not power on even when it is connected to the charger. Another team member can use the same service.",Hardware,Medium,Portal,Monitor
TKT-0136,2026-08-23 14:32:00,Access denied,"IT team, I can sign in to my laptop but the application says I do not have access. Another team member can use the same service.",Account Access,Medium,Portal,Time Entry
TKT-0835,2026-08-14 00:57:00,Unusual password reset,Please help. I received a password reset notification that I did not request. I am working remotely today.,Security,Critical,Email,Identity Portal
TKT-0887,2026-06-28 10:01:00,Lost company device,My company phone is missing and may have been left in a public location. The problem began after the latest update.,Security,High,Phone,Email Gateway
TKT-0123,2026-06-19 19:59:00,MFA code not working,I entered the wrong password several times and my account is now locked. There is no error code displayed.,Account Access,High,Email,Identity Portal
TKT-0180,2026-06-24 14:16:00,Cannot reach shared drive,"Hi support, Websites work but I cannot reach the shared project drive from home. I am working remotely today.",Network and VPN,Low,Portal,Corporate VPN
TKT-0597,2026-08-25 01:56:00,Application crashes,The program displays an error message and will not open. Another team member can use the same service.,Software,High,Phone,PDF Editor
TKT-0186,2026-07-16 23:08:00,Wi Fi keeps dropping,"Hello, Websites work but I cannot reach the shared project drive from home. I have a client deadline later today.",Network and VPN,High,Chat,Office Wi Fi
TKT-0137,2026-06-19 20:00:00,Access denied,"IT team, I can sign in to my laptop but the application says I do not have access. I have a client deadline later today.",Account Access,Low,Email,Project Portal
TKT-0409,2026-07-05 13:08:00,Attachment blocked,"Hello, Messages remain in the outbox and do not send to external recipients. I have a client deadline later today.",Email,Medium,Portal,Shared Mailbox
TKT-0775,2026-07-08 04:06:00,Possible malware warning,"IT team, A security warning appeared after I opened a downloaded file. The problem began after the latest update.",Security,High,Chat,Endpoint Protection
TKT-0673,2026-08-28 15:24:00,Docking station issue,Please help. The battery now lasts less than one hour after a full charge. There is no error code displayed.,Hardware,High,Portal,Keyboard
TKT-0649,2026-07-09 03:33:00,Docking station issue,The second monitor is blank and is not shown in display settings. I am working remotely today.,Hardware,High,Email,Docking Station
TKT-0692,2026-07-31 04:01:00,Monitor not detected,"Hi support, The battery now lasts less than one hour after a full charge. I am working remotely today.",Hardware,Low,Phone,Keyboard
TKT-0040,2026-07-14 02:55:00,Cannot sign in,Please help. I can sign in to my laptop but the application says I do not have access. Another team member can use the same service.,Account Access,Medium,Chat,Microsoft 365
TKT-0871,2026-08-04 09:17:00,Possible malware warning,Please help. My company phone is missing and may have been left in a public location. The problem began after the latest update.,Security,Medium,Portal,Security Operations
TKT-0312,2026-08-06 02:52:00,Too much spam,Please help. Outlook reports that my mailbox has reached its storage limit. The problem began after the latest update.,Email,Medium,Portal,Outlook
TKT-0678,2026-07-25 23:54:00,Keyboard stopped working,Please help. The battery now lasts less than one hour after a full charge. Please let me know what information you need.,Hardware,Medium,Chat,Battery
TKT-0381,2026-08-23 05:50:00,Missing messages,"Hi support, A project attachment is being blocked when I try to send it. I am working remotely today.",Email,Medium,Phone,Exchange Online
TKT-0618,2026-08-05 03:04:00,Laptop will not start,Please help. USB devices disconnect whenever I connect through the docking station. This started this morning.,Hardware,Medium,Email,Laptop
TKT-0800,2026-07-29 02:05:00,Possible malware warning,"Hi support, My company phone is missing and may have been left in a public location. The issue continues after a restart.",Security,High,Portal,Identity Portal
TKT-0551,2026-08-10 02:27:00,License error,Please help. The latest update repeatedly fails near the end of installation. The issue continues after a restart.,Software,Medium,Phone,Project Management Tool
TKT-0805,2026-08-11 15:46:00,Unusual password reset,"Hello, A security warning appeared after I opened a downloaded file. The issue continues after a restart.",Security,High,Chat,Email Gateway
TKT-0745,2026-06-08 20:33:00,Laptop will not start,"IT team, The battery now lasts less than one hour after a full charge. There is no error code displayed.",Hardware,Low,Phone,Battery
TKT-0100,2026-08-25 22:13:00,MFA code not working,Please help. The multifactor authentication code is not arriving on my phone. There is no error code displayed.,Account Access,Medium,Chat,Identity Portal
TKT-0569,2026-07-14 01:09:00,Software install request,Please help. The program displays an error message and will not open. This started this morning.,Software,Medium,Phone,Project Management Tool
TKT-0271,2026-08-25 15:08:00,Cannot reach shared drive,"Hello, The network connection is extremely slow when I open large files remotely. The problem began after the latest update.",Network and VPN,Low,Phone,Project File Share
TKT-0259,2026-07-22 09:41:00,Cannot reach shared drive,My laptop shows connected to Wi Fi but no internal sites will load. I am working remotely today.,Network and VPN,Medium,Email,Project File Share
TKT-0527,2026-06-02 23:18:00,Software install request,"IT team, The program displays an error message and will not open. Please let me know what information you need.",Software,High,Portal,CAD Application
TKT-0292,2026-08-27 09:27:00,Wi Fi keeps dropping,Please help. My laptop shows connected to Wi Fi but no internal sites will load. The problem began after the latest update.,Network and VPN,Medium,Phone,Remote Desktop
TKT-0377,2026-07-13 16:25:00,Missing messages,"Hi support, Messages remain in the outbox and do not send to external recipients. There is no error code displayed.",Email,High,Portal,Outlook
TKT-0340,2026-08-31 23:41:00,Attachment blocked,"Hi support, A project attachment is being blocked when I try to send it. I am working remotely today.",Email,Medium,Chat,Shared Mailbox
TKT-0426,2026-08-29 09:35:00,Email not sending,Messages remain in the outbox and do not send to external recipients. I am working remotely today.,Email,Medium,Phone,Outlook
TKT-0068,2026-08-02 17:22:00,MFA code not working,"IT team, I entered the wrong password several times and my account is now locked. There is no error code displayed.",Account Access,Medium,Email,Project Portal
TKT-0737,2026-07-11 01:36:00,Keyboard stopped working,"Hello, Several keys stopped responding after I returned from lunch. The issue continues after a restart.",Hardware,Medium,Email,Battery
TKT-0702,2026-08-26 14:06:00,Docking station issue,Please help. The laptop does not power on even when it is connected to the charger. Please let me know what information you need.,Hardware,Medium,Chat,Battery
TKT-0437,2026-06-03 20:00:00,Email not sending,Please help. Outlook reports that my mailbox has reached its storage limit. The problem began after the latest update.,Email,Medium,Chat,Outlook
TKT-0182,2026-06-02 08:13:00,Remote connection is slow,The VPN client stops while connecting and reports that the gateway is unavailable. I have a client deadline later today.,Network and VPN,High,Chat,Project File Share
TKT-0755,2026-08-24 16:15:00,Lost company device,"Hi support, My company phone is missing and may have been left in a public location. The problem began after the latest update.",Security,Medium,Email,Security Operations
TKT-0717,2026-08-03 00:48:00,Docking station issue,"Hi support, Several keys stopped responding after I returned from lunch. I have a client deadline later today.",Hardware,High,Email,Keyboard
TKT-0562,2026-07-31 22:49:00,Update failed,"Hello, The application closes immediately after I open the project file. There is no error code displayed.",Software,Medium,Phone,CAD Application
TKT-0647,2026-06-10 13:22:00,Laptop will not start,Please help. The battery now lasts less than one hour after a full charge. Please let me know what information you need.,Hardware,Low,Phone,Laptop
TKT-0698,2026-06-27 21:29:00,Keyboard stopped working,"Hello, Several keys stopped responding after I returned from lunch. The issue continues after a restart.",Hardware,High,Phone,Monitor
TKT-0015,2026-08-26 06:35:00,MFA code not working,"Hi support, I changed my password this morning and now my credentials are rejected. I am working remotely today.",Account Access,Low,Email,Identity Portal
TKT-0816,2026-08-26 16:09:00,Unusual password reset,I received a password reset notification that I did not request. This started this morning.,Security,High,Phone,Email Gateway
TKT-0615,2026-08-28 12:52:00,Laptop will not start,"IT team, Several keys stopped responding after I returned from lunch. I am working remotely today.",Hardware,High,Chat,Monitor
TKT-0319,2026-06-24 14:52:00,Email not sending,"IT team, I am receiving a large increase in unwanted messages today. The issue continues after a restart.",Email,Medium,Chat,Outlook
TKT-0483,2026-06-08 11:37:00,Software install request,The latest update repeatedly fails near the end of installation. Please let me know what information you need.,Software,High,Portal,PDF Editor
TKT-0753,2026-07-12 12:46:00,Possible malware warning,Please help. The account portal reported a login from a location I do not recognize. I have a client deadline later today.,Security,Critical,Phone,Email Gateway
TKT-0240,2026-06-19 15:12:00,Wi Fi keeps dropping,Please help. My wireless connection disconnects every few minutes in the office. Please let me know what information you need.,Network and VPN,Medium,Phone,Project File Share
TKT-0253,2026-07-13 00:19:00,No network access,"Hi support, My wireless connection disconnects every few minutes in the office. Another team member can use the same service.",Network and VPN,Low,Portal,Project File Share
TKT-0829,2026-06-28 10:51:00,Suspicious email received,The account portal reported a login from a location I do not recognize. There is no error code displayed.,Security,Medium,Phone,Identity Portal
TKT-0581,2026-07-15 07:00:00,Application crashes,Please help. The program displays an error message and will not open. The problem began after the latest update.,Software,Medium,Email,Finance Application
TKT-0129,2026-07-06 23:43:00,Cannot sign in,The multifactor authentication code is not arriving on my phone. There is no error code displayed.,Account Access,Low,Email,Identity Portal
TKT-0815,2026-08-28 05:14:00,Unexpected login alert,"IT team, The account portal reported a login from a location I do not recognize. I am working remotely today.",Security,High,Email,Endpoint Protection
TKT-0364,2026-08-08 15:45:00,Email not sending,"Hello, Several expected emails are missing even though the senders received no error. I am working remotely today.",Email,Medium,Chat,Exchange Online
TKT-0113,2026-06-12 08:44:00,MFA code not working,The multifactor authentication code is not arriving on my phone. Another team member can use the same service.,Account Access,Medium,Portal,Microsoft 365
TKT-0132,2026-07-13 14:31:00,Access denied,I can sign in to my laptop but the application says I do not have access. Please let me know what information you need.,Account Access,Low,Portal,Project Portal
TKT-0675,2026-07-14 04:25:00,Laptop will not start,The second monitor is blank and is not shown in display settings. I am working remotely today.,Hardware,Low,Phone,Keyboard
TKT-0202,2026-08-01 10:09:00,No network access,My laptop shows connected to Wi Fi but no internal sites will load. I have a client deadline later today.,Network and VPN,Medium,Email,Project File Share
TKT-0556,2026-08-07 06:43:00,Application crashes,Please help. I need the approved software installed for a new assignment. There is no error code displayed.,Software,High,Email,Finance Application
TKT-0879,2026-06-20 11:36:00,Unusual password reset,Please help. I received an email asking me to sign in through a link that does not look legitimate. The problem began after the latest update.,Security,Medium,Phone,Identity Portal
TKT-0046,2026-08-22 15:30:00,Cannot sign in,Please help. I changed my password this morning and now my credentials are rejected. Another team member can use the same service.,Account Access,Low,Email,Time Entry
TKT-0408,2026-08-02 07:06:00,Email not sending,"Hi support, A project attachment is being blocked when I try to send it. The issue continues after a restart.",Email,Medium,Chat,Shared Mailbox
TKT-0316,2026-08-06 05:15:00,Email not sending,"Hello, Several expected emails are missing even though the senders received no error. The problem began after the latest update.",Email,Medium,Phone,Email Gateway
TKT-0007,2026-06-21 04:18:00,Account locked,Please help. My password expired and the reset page will not accept the new password. Please let me know what information you need.,Account Access,Medium,Portal,Project Portal
TKT-0328,2026-08-12 14:08:00,Mailbox is full,"Hello, Several expected emails are missing even though the senders received no error. Please let me know what information you need.",Email,Medium,Portal,Outlook
TKT-0256,2026-06-07 16:26:00,VPN will not connect,"IT team, My laptop shows connected to Wi Fi but no internal sites will load. I am working remotely today.",Network and VPN,High,Portal,Corporate VPN
TKT-0173,2026-07-09 13:03:00,VPN will not connect,"IT team, My laptop shows connected to Wi Fi but no internal sites will load. Another team member can use the same service.",Network and VPN,High,Chat,Project File Share
TKT-0375,2026-07-08 13:52:00,Attachment blocked,"IT team, I am receiving a large increase in unwanted messages today. Please let me know what information you need.",Email,Medium,Chat,Email Gateway
TKT-0107,2026-07-12 19:43:00,Account locked,Please help. I can sign in to my laptop but the application says I do not have access. The problem began after the latest update.,Account Access,Low,Chat,Project Portal
TKT-0028,2026-08-29 21:30:00,Account locked,"IT team, The multifactor authentication code is not arriving on my phone. There is no error code displayed.",Account Access,Medium,Chat,Project Portal
TKT-0730,2026-07-29 18:59:00,Battery drains quickly,"Hi support, The second monitor is blank and is not shown in display settings. Please let me know what information you need.",Hardware,Medium,Chat,Keyboard
TKT-0321,2026-06-01 12:51:00,Missing messages,"IT team, Several expected emails are missing even though the senders received no error. Another team member can use the same service.",Email,Medium,Chat,Exchange Online
TKT-0764,2026-06-28 23:18:00,Lost company device,I received an email asking me to sign in through a link that does not look legitimate. Please let me know what information you need.,Security,High,Phone,Email Gateway
TKT-0578,2026-06-05 11:36:00,Update failed,"Hi support, The application closes immediately after I open the project file. The issue continues after a restart.",Software,Medium,Email,PDF Editor
TKT-0668,2026-07-11 09:12:00,Laptop will not start,Please help. USB devices disconnect whenever I connect through the docking station. This started this morning.,Hardware,Medium,Phone,Docking Station
TKT-0643,2026-08-10 01:34:00,Keyboard stopped working,Please help. The second monitor is blank and is not shown in display settings. The issue continues after a restart.,Hardware,Low,Chat,Monitor
TKT-0505,2026-08-02 00:16:00,Update failed,"Hello, I need the approved software installed for a new assignment. I have a client deadline later today.",Software,Medium,Email,Finance Application
TKT-0112,2026-06-21 18:58:00,Account locked,The multifactor authentication code is not arriving on my phone. The issue continues after a restart.,Account Access,Low,Portal,Identity Portal
TKT-0027,2026-08-08 08:24:00,Access denied,Please help. I can sign in to my laptop but the application says I do not have access. There is no error code displayed.,Account Access,Medium,Email,Identity Portal
TKT-0076,2026-08-30 12:41:00,Access denied,"Hi support, I changed my password this morning and now my credentials are rejected. Please let me know what information you need.",Account Access,Medium,Phone,Project Portal
TKT-0655,2026-07-26 12:15:00,Battery drains quickly,"IT team, The laptop does not power on even when it is connected to the charger. I am working remotely today.",Hardware,Low,Phone,Battery
TKT-0603,2026-06-24 19:00:00,Battery drains quickly,The second monitor is blank and is not shown in display settings. This started this morning.,Hardware,Medium,Portal,Laptop
TKT-0190,2026-08-09 01:53:00,Remote connection is slow,"IT team, The VPN client stops while connecting and reports that the gateway is unavailable. I am working remotely today.",Network and VPN,Low,Email,Remote Desktop
TKT-0218,2026-08-06 23:44:00,No network access,"Hi support, Websites work but I cannot reach the shared project drive from home. The issue continues after a restart.",Network and VPN,Medium,Chat,Project File Share
TKT-0309,2026-06-09 10:02:00,Email not sending,A project attachment is being blocked when I try to send it. I have a client deadline later today.,Email,High,Portal,Shared Mailbox
TKT-0161,2026-08-29 04:55:00,Remote connection is slow,Please help. The network connection is extremely slow when I open large files remotely. The issue continues after a restart.,Network and VPN,Medium,Email,Remote Desktop
TKT-0355,2026-06-21 00:48:00,Too much spam,"IT team, Outlook reports that my mailbox has reached its storage limit. There is no error code displayed.",Email,High,Chat,Email Gateway
TKT-0298,2026-06-12 20:04:00,VPN will not connect,"Hi support, Websites work but I cannot reach the shared project drive from home. This started this morning.",Network and VPN,Low,Phone,Remote Desktop
TKT-0469,2026-07-14 07:06:00,License error,Please help. I need the approved software installed for a new assignment. The issue continues after a restart.,Software,Medium,Portal,PDF Editor
TKT-0561,2026-07-20 10:36:00,Application crashes,Please help. The program displays an error message and will not open. The problem began after the latest update.,Software,Low,Phone,Project Management Tool
TKT-0301,2026-07-21 08:07:00,Missing messages,Please help. A project attachment is being blocked when I try to send it. I have a client deadline later today.,Email,Medium,Phone,Email Gateway
TKT-0352,2026-07-09 09:01:00,Missing messages,"Hello, Messages remain in the outbox and do not send to external recipients. Another team member can use the same service.",Email,Medium,Phone,Outlook
TKT-0195,2026-08-02 05:42:00,No network access,"Hello, Websites work but I cannot reach the shared project drive from home. This started this morning.",Network and VPN,High,Portal,Remote Desktop
TKT-0096,2026-06-05 08:24:00,Cannot sign in,"Hello, I entered the wrong password several times and my account is now locked. Please let me know what information you need.",Account Access,Low,Email,Identity Portal
TKT-0783,2026-06-20 07:06:00,Suspicious email received,My company phone is missing and may have been left in a public location. There is no error code displayed.,Security,High,Email,Email Gateway
TKT-0059,2026-06-10 07:08:00,Cannot sign in,"Hi support, I can sign in to my laptop but the application says I do not have access. I have a client deadline later today.",Account Access,Medium,Email,Identity Portal
TKT-0520,2026-08-24 14:18:00,Update failed,Please help. The latest update repeatedly fails near the end of installation. Another team member can use the same service.,Software,Low,Portal,CAD Application
TKT-0533,2026-08-07 12:02:00,License error,"Hi support, I need the approved software installed for a new assignment. The problem began after the latest update.",Software,Low,Phone,CAD Application
TKT-0246,2026-08-28 13:18:00,Remote connection is slow,"Hi support, My wireless connection disconnects every few minutes in the office. There is no error code displayed.",Network and VPN,High,Phone,Remote Desktop
TKT-0345,2026-07-20 21:11:00,Too much spam,Please help. Several expected emails are missing even though the senders received no error. The issue continues after a restart.,Email,Low,Chat,Exchange Online
TKT-0296,2026-07-01 23:30:00,Cannot reach shared drive,"IT team, The network connection is extremely slow when I open large files remotely. Another team member can use the same service.",Network and VPN,High,Chat,Remote Desktop
TKT-0542,2026-08-07 02:29:00,Program will not open,The program says no license is available even though I used it yesterday. The problem began after the latest update.,Software,High,Email,Project Management Tool
TKT-0079,2026-07-10 06:30:00,Password reset needed,I can sign in to my laptop but the application says I do not have access. There is no error code displayed.,Account Access,Medium,Phone,Identity Portal
TKT-0087,2026-07-25 01:18:00,Cannot sign in,"IT team, My password expired and the reset page will not accept the new password. I am working remotely today.",Account Access,Medium,Portal,Project Portal
TKT-0225,2026-06-25 15:19:00,Wi Fi keeps dropping,Please help. My laptop shows connected to Wi Fi but no internal sites will load. The problem began after the latest update.,Network and VPN,Low,Email,Corporate VPN
TKT-0788,2026-06-04 21:54:00,Suspicious email received,"Hi support, The account portal reported a login from a location I do not recognize. I am working remotely today.",Security,Critical,Phone,Endpoint Protection
TKT-0696,2026-06-11 14:37:00,Monitor not detected,"Hello, USB devices disconnect whenever I connect through the docking station. This started this morning.",Hardware,High,Chat,Battery
TKT-0091,2026-08-07 13:00:00,Account locked,Please help. I entered the wrong password several times and my account is now locked. I am working remotely today.,Account Access,Low,Portal,Microsoft 365
TKT-0111,2026-06-08 08:31:00,MFA code not working,"Hello, The multifactor authentication code is not arriving on my phone. This started this morning.",Account Access,Medium,Email,Time Entry
TKT-0310,2026-06-27 02:36:00,Email not sending,"Hello, Outlook reports that my mailbox has reached its storage limit. The issue continues after a restart.",Email,High,Portal,Exchange Online
TKT-0088,2026-06-25 21:50:00,Password reset needed,"Hi support, The multifactor authentication code is not arriving on my phone. The issue continues after a restart.",Account Access,Medium,Phone,Time Entry
TKT-0019,2026-08-15 06:01:00,Access denied,"IT team, I entered the wrong password several times and my account is now locked. Another team member can use the same service.",Account Access,Low,Portal,Time Entry
TKT-0611,2026-07-25 16:21:00,Docking station issue,"Hi support, USB devices disconnect whenever I connect through the docking station. Another team member can use the same service.",Hardware,Medium,Chat,Battery
TKT-0146,2026-08-21 03:33:00,MFA code not working,"Hello, I entered the wrong password several times and my account is now locked. Please let me know what information you need.",Account Access,Medium,Phone,Project Portal
TKT-0101,2026-06-06 04:03:00,MFA code not working,"Hi support, I entered the wrong password several times and my account is now locked. There is no error code displayed.",Account Access,Medium,Phone,Project Portal
TKT-0135,2026-07-30 13:30:00,Cannot sign in,"Hello, I can sign in to my laptop but the application says I do not have access. I am working remotely today.",Account Access,High,Phone,Identity Portal
TKT-0685,2026-08-04 16:45:00,Battery drains quickly,USB devices disconnect whenever I connect through the docking station. There is no error code displayed.,Hardware,High,Email,Keyboard
TKT-0459,2026-07-01 22:28:00,Software install request,Please help. The latest update repeatedly fails near the end of installation. Please let me know what information you need.,Software,Medium,Email,CAD Application
TKT-0166,2026-06-17 21:21:00,No network access,Please help. My wireless connection disconnects every few minutes in the office. Please let me know what information you need.,Network and VPN,Low,Chat,Project File Share
TKT-0432,2026-07-21 20:58:00,Mailbox is full,"IT team, I am receiving a large increase in unwanted messages today. The issue continues after a restart.",Email,High,Phone,Exchange Online
TKT-0818,2026-07-25 17:30:00,Suspicious email received,"IT team, My company phone is missing and may have been left in a public location. Please let me know what information you need.",Security,High,Chat,Identity Portal
TKT-0034,2026-06-22 21:41:00,MFA code not working,Please help. My password expired and the reset page will not accept the new password. I have a client deadline later today.,Account Access,Medium,Portal,Microsoft 365
TKT-0470,2026-08-09 02:52:00,Update failed,"IT team, The application closes immediately after I open the project file. Please let me know what information you need.",Software,Medium,Portal,CAD Application
TKT-0612,2026-06-12 22:42:00,Battery drains quickly,"Hi support, The second monitor is blank and is not shown in display settings. I am working remotely today.",Hardware,Medium,Chat,Keyboard
TKT-0372,2026-08-12 06:28:00,Attachment blocked,"Hello, A project attachment is being blocked when I try to send it. I have a client deadline later today.",Email,Medium,Phone,Exchange Online
TKT-0468,2026-08-08 05:24:00,Update failed,Please help. The latest update repeatedly fails near the end of installation. The problem began after the latest update.,Software,Medium,Chat,PDF Editor
TKT-0024,2026-08-11 20:58:00,Password reset needed,"IT team, The multifactor authentication code is not arriving on my phone. I am working remotely today.",Account Access,Low,Phone,Project Portal
TKT-0634,2026-08-23 00:24:00,Monitor not detected,"Hi support, USB devices disconnect whenever I connect through the docking station. I have a client deadline later today.",Hardware,High,Portal,Laptop
TKT-0671,2026-08-17 19:32:00,Laptop will not start,The battery now lasts less than one hour after a full charge. This started this morning.,Hardware,Medium,Phone,Monitor
TKT-0790,2026-06-29 13:38:00,Suspicious email received,"IT team, The account portal reported a login from a location I do not recognize. I have a client deadline later today.",Security,High,Chat,Identity Portal
TKT-0498,2026-07-08 16:12:00,License error,"Hi support, The program displays an error message and will not open. The issue continues after a restart.",Software,Low,Portal,Finance Application
TKT-0765,2026-06-02 21:47:00,Lost company device,"IT team, I received an email asking me to sign in through a link that does not look legitimate. I have a client deadline later today.",Security,Critical,Phone,Email Gateway
TKT-0390,2026-08-26 13:11:00,Missing messages,Please help. I am receiving a large increase in unwanted messages today. I have a client deadline later today.,Email,Medium,Chat,Outlook
TKT-0840,2026-06-23 21:05:00,Unexpected login alert,Please help. A security warning appeared after I opened a downloaded file. The issue continues after a restart.,Security,Medium,Chat,Email Gateway
TKT-0489,2026-07-21 17:06:00,Program will not open,"IT team, The application closes immediately after I open the project file. This started this morning.",Software,Medium,Email,Project Management Tool
TKT-0324,2026-08-27 16:20:00,Too much spam,A project attachment is being blocked when I try to send it. This started this morning.,Email,Medium,Phone,Exchange Online
TKT-0731,2026-07-06 17:15:00,Laptop will not start,"Hi support, Several keys stopped responding after I returned from lunch. This started this morning.",Hardware,Medium,Chat,Laptop
TKT-0807,2026-08-06 16:57:00,Unexpected login alert,I received a password reset notification that I did not request. There is no error code displayed.,Security,Medium,Portal,Security Operations
TKT-0085,2026-07-06 00:00:00,Access denied,I entered the wrong password several times and my account is now locked. The issue continues after a restart.,Account Access,High,Phone,Microsoft 365
TKT-0833,2026-08-25 22:52:00,Unusual password reset,Please help. The account portal reported a login from a location I do not recognize. There is no error code displayed.,Security,Critical,Portal,Endpoint Protection
TKT-0622,2026-07-01 01:40:00,Laptop will not start,"IT team, The second monitor is blank and is not shown in display settings. I have a client deadline later today.",Hardware,Medium,Phone,Laptop
TKT-0398,2026-08-31 05:47:00,Email not sending,"IT team, I am receiving a large increase in unwanted messages today. I am working remotely today.",Email,High,Portal,Shared Mailbox
TKT-0892,2026-08-04 07:08:00,Unusual password reset,"Hello, The account portal reported a login from a location I do not recognize. Please let me know what information you need.",Security,High,Portal,Security Operations
TKT-0749,2026-07-29 06:36:00,Docking station issue,Please help. USB devices disconnect whenever I connect through the docking station. Another team member can use the same service.,Hardware,Medium,Phone,Laptop
TKT-0154,2026-07-22 11:50:00,Remote connection is slow,"Hi support, My wireless connection disconnects every few minutes in the office. The problem began after the latest update.",Network and VPN,Low,Portal,Corporate VPN
TKT-0728,2026-06-17 16:32:00,Keyboard stopped working,Please help. The laptop does not power on even when it is connected to the charger. Another team member can use the same service.,Hardware,High,Chat,Monitor
TKT-0313,2026-06-05 09:27:00,Attachment blocked,"Hello, Outlook reports that my mailbox has reached its storage limit. I am working remotely today.",Email,Medium,Email,Outlook
TKT-0200,2026-07-22 19:40:00,VPN will not connect,"Hi support, My wireless connection disconnects every few minutes in the office. This started this morning.",Network and VPN,High,Email,Office Wi Fi
TKT-0399,2026-07-13 16:16:00,Attachment blocked,Please help. A project attachment is being blocked when I try to send it. The problem began after the latest update.,Email,Medium,Email,Shared Mailbox
TKT-0226,2026-06-01 12:30:00,Cannot reach shared drive,"Hello, My laptop shows connected to Wi Fi but no internal sites will load. I am working remotely today.",Network and VPN,Low,Email,Corporate VPN
TKT-0746,2026-07-02 20:51:00,Monitor not detected,"Hi support, The second monitor is blank and is not shown in display settings. Please let me know what information you need.",Hardware,Low,Phone,Monitor
TKT-0592,2026-08-01 09:17:00,Program will not open,Please help. I need the approved software installed for a new assignment. I am working remotely today.,Software,Medium,Email,CAD Application
TKT-0509,2026-06-29 23:14:00,Application crashes,"Hello, The program says no license is available even though I used it yesterday. Please let me know what information you need.",Software,Medium,Email,CAD Application
TKT-0083,2026-06-20 00:42:00,MFA code not working,"Hi support, I changed my password this morning and now my credentials are rejected. I am working remotely today.",Account Access,Low,Chat,Project Portal
TKT-0304,2026-07-04 20:24:00,Attachment blocked,Please help. Outlook reports that my mailbox has reached its storage limit. There is no error code displayed.,Email,High,Phone,Exchange Online
TKT-0361,2026-06-27 15:14:00,Attachment blocked,"Hello, Messages remain in the outbox and do not send to external recipients. Another team member can use the same service.",Email,Low,Portal,Outlook
TKT-0060,2026-08-07 18:38:00,Account locked,"Hi support, My password expired and the reset page will not accept the new password. This started this morning.",Account Access,Low,Portal,Microsoft 365
TKT-0547,2026-07-29 02:44:00,Update failed,"IT team, The program displays an error message and will not open. The issue continues after a restart.",Software,Medium,Phone,Finance Application
TKT-0339,2026-07-29 12:08:00,Too much spam,"IT team, Messages remain in the outbox and do not send to external recipients. The issue continues after a restart.",Email,Low,Chat,Shared Mailbox
TKT-0174,2026-07-30 22:10:00,Wi Fi keeps dropping,Please help. My wireless connection disconnects every few minutes in the office. There is no error code displayed.,Network and VPN,High,Portal,Project File Share
TKT-0073,2026-07-22 06:57:00,Cannot sign in,Please help. My password expired and the reset page will not accept the new password. Another team member can use the same service.,Account Access,High,Chat,Time Entry
TKT-0843,2026-08-13 01:33:00,Possible malware warning,A security warning appeared after I opened a downloaded file. There is no error code displayed.,Security,High,Email,Security Operations
TKT-0209,2026-07-16 23:35:00,Remote connection is slow,"Hello, My wireless connection disconnects every few minutes in the office. This started this morning.",Network and VPN,High,Portal,Corporate VPN
TKT-0613,2026-07-24 13:57:00,Monitor not detected,"Hi support, The laptop does not power on even when it is connected to the charger. I am working remotely today.",Hardware,Medium,Email,Monitor
TKT-0451,2026-06-17 12:29:00,Software install request,The program says no license is available even though I used it yesterday. I am working remotely today.,Software,Medium,Email,PDF Editor
TKT-0331,2026-07-30 17:16:00,Attachment blocked,"IT team, Messages remain in the outbox and do not send to external recipients. There is no error code displayed.",Email,Medium,Chat,Email Gateway
TKT-0539,2026-07-14 02:34:00,Application crashes,"IT team, The latest update repeatedly fails near the end of installation. I have a client deadline later today.",Software,High,Phone,Project Management Tool
TKT-0631,2026-08-14 00:08:00,Laptop will not start,"Hi support, The laptop does not power on even when it is connected to the charger. This started this morning.",Hardware,Medium,Phone,Docking Station
TKT-0690,2026-07-11 21:42:00,Docking station issue,"Hello, The second monitor is blank and is not shown in display settings. I have a client deadline later today.",Hardware,Low,Chat,Monitor
TKT-0232,2026-06-27 08:16:00,Remote connection is slow,"Hi support, The network connection is extremely slow when I open large files remotely. I am working remotely today.",Network and VPN,Low,Phone,Corporate VPN
TKT-0288,2026-08-16 19:47:00,VPN will not connect,"IT team, Websites work but I cannot reach the shared project drive from home. Please let me know what information you need.",Network and VPN,Medium,Email,Project File Share
TKT-0641,2026-08-13 10:17:00,Battery drains quickly,Several keys stopped responding after I returned from lunch. The issue continues after a restart.,Hardware,Medium,Portal,Monitor
TKT-0786,2026-06-11 17:21:00,Unusual password reset,"Hello, I received an email asking me to sign in through a link that does not look legitimate. I have a client deadline later today.",Security,Medium,Email,Security Operations
TKT-0521,2026-07-03 19:48:00,Software install request,Please help. The program displays an error message and will not open. The problem began after the latest update.,Software,High,Phone,Project Management Tool
TKT-0169,2026-07-08 03:16:00,VPN will not connect,"Hi support, My laptop shows connected to Wi Fi but no internal sites will load. Please let me know what information you need.",Network and VPN,Medium,Portal,Corporate VPN
TKT-0261,2026-06-30 21:56:00,Remote connection is slow,The VPN client stops while connecting and reports that the gateway is unavailable. This started this morning.,Network and VPN,Medium,Phone,Office Wi Fi
TKT-0555,2026-07-26 00:38:00,Application crashes,"IT team, The program displays an error message and will not open. I am working remotely today.",Software,Low,Phone,Project Management Tool
TKT-0759,2026-08-24 02:07:00,Possible malware warning,Please help. My company phone is missing and may have been left in a public location. The problem began after the latest update.,Security,Medium,Email,Endpoint Protection
TKT-0062,2026-06-29 15:06:00,MFA code not working,"IT team, I changed my password this morning and now my credentials are rejected. Please let me know what information you need.",Account Access,Medium,Phone,Identity Portal
TKT-0781,2026-06-11 04:09:00,Possible malware warning,"Hi support, I received an email asking me to sign in through a link that does not look legitimate. Please let me know what information you need.",Security,High,Phone,Email Gateway
TKT-0681,2026-07-12 10:43:00,Monitor not detected,Please help. USB devices disconnect whenever I connect through the docking station. Please let me know what information you need.,Hardware,Low,Email,Docking Station
TKT-0290,2026-06-18 23:54:00,Cannot reach shared drive,Please help. Websites work but I cannot reach the shared project drive from home. Please let me know what information you need.,Network and VPN,Medium,Email,Corporate VPN
TKT-0670,2026-07-01 10:40:00,Keyboard stopped working,"IT team, The second monitor is blank and is not shown in display settings. There is no error code displayed.",Hardware,Low,Phone,Battery
TKT-0863,2026-06-24 07:37:00,Unusual password reset,"Hello, A security warning appeared after I opened a downloaded file. I have a client deadline later today.",Security,Critical,Chat,Endpoint Protection
TKT-0831,2026-08-04 03:41:00,Possible malware warning,"Hello, My company phone is missing and may have been left in a public location. The problem began after the latest update.",Security,Medium,Portal,Endpoint Protection
TKT-0595,2026-07-31 23:13:00,Update failed,"IT team, The program says no license is available even though I used it yesterday. The issue continues after a restart.",Software,Low,Phone,PDF Editor
TKT-0206,2026-07-17 05:44:00,Remote connection is slow,"IT team, The network connection is extremely slow when I open large files remotely. The problem began after the latest update.",Network and VPN,Medium,Phone,Project File Share
TKT-0438,2026-06-05 05:54:00,Missing messages,Outlook reports that my mailbox has reached its storage limit. There is no error code displayed.,Email,Medium,Portal,Exchange Online
TKT-0373,2026-08-06 10:31:00,Mailbox is full,"Hi support, Outlook reports that my mailbox has reached its storage limit. The problem began after the latest update.",Email,Medium,Chat,Exchange Online
TKT-0552,2026-07-10 07:42:00,Program will not open,Please help. I need the approved software installed for a new assignment. I have a client deadline later today.,Software,Low,Email,Project Management Tool
TKT-0784,2026-08-11 15:03:00,Lost company device,"Hi support, A security warning appeared after I opened a downloaded file. The problem began after the latest update.",Security,Critical,Email,Identity Portal
TKT-0832,2026-06-03 20:31:00,Suspicious email received,"Hi support, I received a password reset notification that I did not request. The issue continues after a restart.",Security,Medium,Phone,Email Gateway
TKT-0287,2026-06-07 11:12:00,Remote connection is slow,"Hello, My wireless connection disconnects every few minutes in the office. Please let me know what information you need.",Network and VPN,Medium,Phone,Remote Desktop
TKT-0099,2026-07-11 08:52:00,MFA code not working,"IT team, My password expired and the reset page will not accept the new password. This started this morning.",Account Access,Medium,Email,Time Entry
TKT-0812,2026-07-10 06:52:00,Possible malware warning,"Hello, I received an email asking me to sign in through a link that does not look legitimate. Please let me know what information you need.",Security,Critical,Portal,Email Gateway
TKT-0185,2026-06-09 13:28:00,VPN will not connect,The VPN client stops while connecting and reports that the gateway is unavailable. The issue continues after a restart.,Network and VPN,Medium,Email,Project File Share
TKT-0004,2026-08-09 17:56:00,Cannot sign in,"Hello, I entered the wrong password several times and my account is now locked. The problem began after the latest update.",Account Access,Low,Phone,Project Portal
TKT-0627,2026-06-25 21:23:00,Monitor not detected,Please help. USB devices disconnect whenever I connect through the docking station. There is no error code displayed.,Hardware,Low,Email,Laptop
TKT-0162,2026-08-12 00:20:00,Cannot reach shared drive,Websites work but I cannot reach the shared project drive from home. I am working remotely today.,Network and VPN,Medium,Portal,Office Wi Fi
TKT-0222,2026-08-06 20:58:00,Cannot reach shared drive,Please help. The network connection is extremely slow when I open large files remotely. Another team member can use the same service.,Network and VPN,Medium,Phone,Corporate VPN
TKT-0890,2026-07-06 20:06:00,Suspicious email received,"Hi support, I received a password reset notification that I did not request. The problem began after the latest update.",Security,Critical,Phone,Email Gateway
TKT-0513,2026-08-15 01:47:00,Software install request,The program displays an error message and will not open. Please let me know what information you need.,Software,High,Portal,CAD Application
TKT-0669,2026-06-26 04:45:00,Docking station issue,The laptop does not power on even when it is connected to the charger. I have a client deadline later today.,Hardware,Medium,Portal,Battery
TKT-0359,2026-06-30 16:04:00,Too much spam,"IT team, I am receiving a large increase in unwanted messages today. Another team member can use the same service.",Email,Low,Email,Exchange Online
TKT-0413,2026-08-10 00:04:00,Attachment blocked,"Hello, I am receiving a large increase in unwanted messages today. I am working remotely today.",Email,Low,Email,Email Gateway
TKT-0899,2026-08-14 13:42:00,Lost company device,Please help. My company phone is missing and may have been left in a public location. I am working remotely today.,Security,High,Phone,Endpoint Protection
TKT-0170,2026-07-08 03:27:00,Wi Fi keeps dropping,"Hello, My laptop shows connected to Wi Fi but no internal sites will load. This started this morning.",Network and VPN,Medium,Portal,Remote Desktop
TKT-0326,2026-06-30 21:05:00,Too much spam,"Hi support, Messages remain in the outbox and do not send to external recipients. There is no error code displayed.",Email,High,Phone,Email Gateway
TKT-0330,2026-06-05 07:59:00,Missing messages,"IT team, I am receiving a large increase in unwanted messages today. There is no error code displayed.",Email,Low,Phone,Exchange Online
TKT-0796,2026-06-07 17:51:00,Unexpected login alert,I received an email asking me to sign in through a link that does not look legitimate. The problem began after the latest update.,Security,High,Email,Identity Portal
TKT-0348,2026-07-07 04:46:00,Mailbox is full,"Hello, Messages remain in the outbox and do not send to external recipients. There is no error code displayed.",Email,Medium,Chat,Exchange Online
TKT-0441,2026-08-17 05:21:00,Too much spam,Outlook reports that my mailbox has reached its storage limit. I have a client deadline later today.,Email,Medium,Chat,Exchange Online
TKT-0379,2026-07-27 20:07:00,Email not sending,"Hello, Messages remain in the outbox and do not send to external recipients. I am working remotely today.",Email,Medium,Portal,Shared Mailbox
TKT-0177,2026-07-09 17:39:00,Remote connection is slow,"Hi support, The network connection is extremely slow when I open large files remotely. I am working remotely today.",Network and VPN,High,Portal,Corporate VPN
TKT-0078,2026-08-14 20:50:00,Access denied,The multifactor authentication code is not arriving on my phone. I have a client deadline later today.,Account Access,High,Email,Time Entry
TKT-0311,2026-07-03 17:59:00,Attachment blocked,Please help. Messages remain in the outbox and do not send to external recipients. I am working remotely today.,Email,High,Phone,Outlook
TKT-0852,2026-07-21 15:58:00,Unusual password reset,"Hi support, I received a password reset notification that I did not request. I have a client deadline later today.",Security,High,Email,Identity Portal
TKT-0862,2026-07-05 15:39:00,Possible malware warning,"Hi support, I received an email asking me to sign in through a link that does not look legitimate. Please let me know what information you need.",Security,Critical,Email,Identity Portal
TKT-0023,2026-08-11 21:04:00,Account locked,"IT team, I entered the wrong password several times and my account is now locked. The problem began after the latest update.",Account Access,Low,Email,Time Entry
TKT-0576,2026-07-27 22:06:00,Program will not open,I need the approved software installed for a new assignment. There is no error code displayed.,Software,Medium,Chat,PDF Editor
TKT-0466,2026-08-29 14:07:00,Software install request,"Hello, The program displays an error message and will not open. The issue continues after a restart.",Software,Medium,Chat,Finance Application
TKT-0138,2026-06-14 13:04:00,Access denied,"IT team, I entered the wrong password several times and my account is now locked. I have a client deadline later today.",Account Access,Medium,Chat,Microsoft 365
TKT-0245,2026-07-29 18:31:00,Wi Fi keeps dropping,"Hello, The network connection is extremely slow when I open large files remotely. I am working remotely today.",Network and VPN,Medium,Phone,Remote Desktop
TKT-0127,2026-07-28 22:25:00,Password reset needed,"Hello, I can sign in to my laptop but the application says I do not have access. Another team member can use the same service.",Account Access,High,Portal,Identity Portal
TKT-0646,2026-07-06 15:49:00,Laptop will not start,"Hi support, The laptop does not power on even when it is connected to the charger. I have a client deadline later today.",Hardware,High,Portal,Monitor
TKT-0385,2026-08-24 17:11:00,Missing messages,"Hi support, Messages remain in the outbox and do not send to external recipients. This started this morning.",Email,High,Phone,Outlook
TKT-0600,2026-08-03 06:58:00,Software install request,"Hi support, The program displays an error message and will not open. I am working remotely today.",Software,Medium,Phone,PDF Editor
TKT-0568,2026-06-24 23:47:00,Application crashes,"Hello, The application closes immediately after I open the project file. The problem began after the latest update.",Software,Medium,Phone,CAD Application
TKT-0392,2026-07-04 03:28:00,Attachment blocked,Please help. I am receiving a large increase in unwanted messages today. This started this morning.,Email,Low,Chat,Outlook
TKT-0233,2026-07-04 13:17:00,Wi Fi keeps dropping,Please help. The VPN client stops while connecting and reports that the gateway is unavailable. I am working remotely today.,Network and VPN,High,Phone,Project File Share
TKT-0153,2026-06-28 09:12:00,Wi Fi keeps dropping,"Hi support, My wireless connection disconnects every few minutes in the office. This started this morning.",Network and VPN,Medium,Phone,Project File Share
TKT-0648,2026-06-04 04:02:00,Monitor not detected,"Hi support, Several keys stopped responding after I returned from lunch. Please let me know what information you need.",Hardware,High,Chat,Keyboard
TKT-0680,2026-08-14 04:10:00,Monitor not detected,"Hello, Several keys stopped responding after I returned from lunch. This started this morning.",Hardware,High,Email,Laptop
TKT-0640,2026-08-18 20:37:00,Battery drains quickly,USB devices disconnect whenever I connect through the docking station. I am working remotely today.,Hardware,Low,Portal,Docking Station
TKT-0020,2026-07-25 11:38:00,Access denied,My password expired and the reset page will not accept the new password. The problem began after the latest update.,Account Access,Medium,Email,Time Entry
TKT-0897,2026-06-03 03:00:00,Suspicious email received,"Hi support, A security warning appeared after I opened a downloaded file. The issue continues after a restart.",Security,High,Portal,Endpoint Protection
TKT-0754,2026-08-29 13:59:00,Lost company device,"Hello, The account portal reported a login from a location I do not recognize. The issue continues after a restart.",Security,High,Phone,Security Operations
TKT-0694,2026-06-05 15:12:00,Keyboard stopped working,The laptop does not power on even when it is connected to the charger. I have a client deadline later today.,Hardware,Medium,Email,Keyboard
TKT-0477,2026-08-23 02:46:00,Program will not open,The latest update repeatedly fails near the end of installation. I am working remotely today.,Software,High,Chat,PDF Editor
TKT-0365,2026-06-27 04:07:00,Missing messages,Outlook reports that my mailbox has reached its storage limit. The problem began after the latest update.,Email,High,Email,Exchange Online
TKT-0262,2026-08-05 01:13:00,Cannot reach shared drive,"Hello, My laptop shows connected to Wi Fi but no internal sites will load. The issue continues after a restart.",Network and VPN,Medium,Phone,Office Wi Fi
TKT-0403,2026-08-28 11:12:00,Attachment blocked,"IT team, Messages remain in the outbox and do not send to external recipients. The problem began after the latest update.",Email,Medium,Chat,Email Gateway
TKT-0322,2026-07-10 23:18:00,Email not sending,Outlook reports that my mailbox has reached its storage limit. There is no error code displayed.,Email,High,Email,Outlook
TKT-0429,2026-06-13 15:05:00,Email not sending,Please help. A project attachment is being blocked when I try to send it. Please let me know what information you need.,Email,High,Portal,Exchange Online
TKT-0803,2026-08-28 00:00:00,Unexpected login alert,A security warning appeared after I opened a downloaded file. There is no error code displayed.,Security,High,Email,Endpoint Protection
TKT-0801,2026-06-17 11:47:00,Unexpected login alert,"Hello, My company phone is missing and may have been left in a public location. The problem began after the latest update.",Security,Critical,Phone,Security Operations
TKT-0536,2026-06-09 00:17:00,Update failed,The application closes immediately after I open the project file. Please let me know what information you need.,Software,Low,Chat,CAD Application
TKT-0599,2026-07-17 16:18:00,Program will not open,"IT team, I need the approved software installed for a new assignment. I am working remotely today.",Software,Medium,Chat,PDF Editor
TKT-0116,2026-08-20 20:19:00,Password reset needed,My password expired and the reset page will not accept the new password. I have a client deadline later today.,Account Access,High,Chat,Project Portal
TKT-0389,2026-06-26 15:25:00,Too much spam,"Hello, A project attachment is being blocked when I try to send it. This started this morning.",Email,High,Email,Outlook
TKT-0224,2026-07-24 07:15:00,No network access,"Hello, The network connection is extremely slow when I open large files remotely. There is no error code displayed.",Network and VPN,Low,Email,Project File Share
TKT-0859,2026-08-24 09:26:00,Lost company device,The account portal reported a login from a location I do not recognize. This started this morning.,Security,High,Portal,Endpoint Protection
TKT-0051,2026-08-26 23:03:00,Access denied,"Hi support, I entered the wrong password several times and my account is now locked. The problem began after the latest update.",Account Access,Medium,Email,Microsoft 365
TKT-0501,2026-07-18 14:26:00,License error,"Hi support, The program says no license is available even though I used it yesterday. Please let me know what information you need.",Software,Medium,Email,CAD Application
TKT-0865,2026-08-03 21:56:00,Possible malware warning,"Hi support, I received an email asking me to sign in through a link that does not look legitimate. The issue continues after a restart.",Security,Medium,Portal,Identity Portal
TKT-0308,2026-08-05 07:21:00,Email not sending,"Hello, Several expected emails are missing even though the senders received no error. The problem began after the latest update.",Email,Low,Phone,Shared Mailbox
TKT-0715,2026-07-08 14:37:00,Monitor not detected,"Hello, The battery now lasts less than one hour after a full charge. Please let me know what information you need.",Hardware,High,Portal,Monitor
TKT-0188,2026-06-13 16:29:00,No network access,The VPN client stops while connecting and reports that the gateway is unavailable. The issue continues after a restart.,Network and VPN,Medium,Chat,Office Wi Fi
TKT-0866,2026-08-24 19:38:00,Suspicious email received,Please help. I received an email asking me to sign in through a link that does not look legitimate. The problem began after the latest update.,Security,Critical,Portal,Email Gateway
TKT-0384,2026-07-04 06:55:00,Missing messages,Messages remain in the outbox and do not send to external recipients. Please let me know what information you need.,Email,Medium,Email,Shared Mailbox
TKT-0277,2026-06-23 22:09:00,Remote connection is slow,Please help. Websites work but I cannot reach the shared project drive from home. There is no error code displayed.,Network and VPN,High,Phone,Project File Share
TKT-0734,2026-06-15 18:06:00,Docking station issue,The battery now lasts less than one hour after a full charge. The problem began after the latest update.,Hardware,High,Phone,Monitor
TKT-0117,2026-06-25 14:25:00,Access denied,"Hello, My password expired and the reset page will not accept the new password. Another team member can use the same service.",Account Access,High,Phone,Microsoft 365
TKT-0243,2026-06-21 00:12:00,Cannot reach shared drive,"Hello, My wireless connection disconnects every few minutes in the office. I have a client deadline later today.",Network and VPN,Medium,Email,Office Wi Fi
TKT-0523,2026-06-25 13:48:00,Program will not open,"Hello, I need the approved software installed for a new assignment. Please let me know what information you need.",Software,Low,Chat,CAD Application
TKT-0614,2026-06-28 18:47:00,Laptop will not start,"Hello, Several keys stopped responding after I returned from lunch. I have a client deadline later today.",Hardware,Low,Portal,Laptop
TKT-0293,2026-08-30 06:26:00,Remote connection is slow,"Hello, The network connection is extremely slow when I open large files remotely. The issue continues after a restart.",Network and VPN,High,Chat,Corporate VPN
TKT-0606,2026-08-03 05:27:00,Laptop will not start,"Hi support, The laptop does not power on even when it is connected to the charger. The problem began after the latest update.",Hardware,Medium,Chat,Docking Station
TKT-0554,2026-08-25 20:01:00,Software install request,"Hello, The latest update repeatedly fails near the end of installation. I have a client deadline later today.",Software,Medium,Chat,PDF Editor
TKT-0787,2026-07-12 09:31:00,Unexpected login alert,"Hello, The account portal reported a login from a location I do not recognize. This started this morning.",Security,Critical,Chat,Endpoint Protection
TKT-0400,2026-08-19 22:03:00,Attachment blocked,I am receiving a large increase in unwanted messages today. This started this morning.,Email,Low,Chat,Shared Mailbox
TKT-0706,2026-06-15 13:06:00,Docking station issue,"Hi support, Several keys stopped responding after I returned from lunch. The problem began after the latest update.",Hardware,Medium,Email,Battery
TKT-0337,2026-08-14 05:19:00,Mailbox is full,Please help. Messages remain in the outbox and do not send to external recipients. Another team member can use the same service.,Email,High,Email,Email Gateway
TKT-0179,2026-07-09 21:21:00,Wi Fi keeps dropping,"IT team, Websites work but I cannot reach the shared project drive from home. The issue continues after a restart.",Network and VPN,Medium,Portal,Remote Desktop
TKT-0454,2026-06-06 01:30:00,Software install request,"IT team, The program says no license is available even though I used it yesterday. The issue continues after a restart.",Software,Low,Portal,Project Management Tool
TKT-0849,2026-08-23 03:16:00,Suspicious email received,"Hi support, The account portal reported a login from a location I do not recognize. Please let me know what information you need.",Security,High,Portal,Security Operations
TKT-0873,2026-07-03 22:08:00,Suspicious email received,"IT team, My company phone is missing and may have been left in a public location. I have a client deadline later today.",Security,Critical,Email,Email Gateway
TKT-0811,2026-06-25 19:38:00,Suspicious email received,"IT team, I received a password reset notification that I did not request. I am working remotely today.",Security,High,Portal,Identity Portal
TKT-0300,2026-08-09 18:13:00,Cannot reach shared drive,Please help. The network connection is extremely slow when I open large files remotely. This started this morning.,Network and VPN,Low,Portal,Corporate VPN
TKT-0118,2026-08-26 11:22:00,Account locked,"IT team, I entered the wrong password several times and my account is now locked. The issue continues after a restart.",Account Access,High,Email,Project Portal
TKT-0109,2026-06-03 13:59:00,Access denied,"Hello, I can sign in to my laptop but the application says I do not have access. There is no error code displayed.",Account Access,Low,Chat,Time Entry
TKT-0779,2026-06-22 23:51:00,Unusual password reset,"Hi support, A security warning appeared after I opened a downloaded file. Another team member can use the same service.",Security,High,Phone,Email Gateway
TKT-0155,2026-06-07 22:05:00,Cannot reach shared drive,"Hello, The network connection is extremely slow when I open large files remotely. There is no error code displayed.",Network and VPN,Medium,Email,Office Wi Fi
TKT-0883,2026-08-06 05:02:00,Possible malware warning,I received a password reset notification that I did not request. The problem began after the latest update.,Security,Medium,Email,Email Gateway
TKT-0252,2026-07-19 21:00:00,Cannot reach shared drive,The network connection is extremely slow when I open large files remotely. Another team member can use the same service.,Network and VPN,Medium,Chat,Corporate VPN
TKT-0839,2026-08-29 04:41:00,Lost company device,"IT team, The account portal reported a login from a location I do not recognize. This started this morning.",Security,High,Chat,Security Operations
TKT-0882,2026-08-14 08:15:00,Lost company device,"IT team, I received a password reset notification that I did not request. There is no error code displayed.",Security,High,Email,Identity Portal
TKT-0346,2026-08-11 15:11:00,Too much spam,"IT team, A project attachment is being blocked when I try to send it. The issue continues after a restart.",Email,High,Phone,Exchange Online
TKT-0868,2026-08-14 16:23:00,Suspicious email received,"Hi support, I received a password reset notification that I did not request. The issue continues after a restart.",Security,High,Email,Endpoint Protection
TKT-0128,2026-06-09 04:50:00,Account locked,"Hello, My password expired and the reset page will not accept the new password. There is no error code displayed.",Account Access,High,Portal,Microsoft 365
TKT-0817,2026-06-20 21:27:00,Possible malware warning,I received a password reset notification that I did not request. I am working remotely today.,Security,High,Email,Identity Portal
TKT-0017,2026-08-21 20:50:00,Password reset needed,"Hello, I entered the wrong password several times and my account is now locked. The issue continues after a restart.",Account Access,Medium,Email,Microsoft 365
TKT-0732,2026-08-30 11:40:00,Battery drains quickly,Please help. The battery now lasts less than one hour after a full charge. Please let me know what information you need.,Hardware,High,Email,Battery
TKT-0001,2026-08-09 14:50:00,Access denied,"Hi support, I can sign in to my laptop but the application says I do not have access. The issue continues after a restart.",Account Access,Medium,Phone,Identity Portal
TKT-0251,2026-08-05 11:06:00,VPN will not connect,Please help. My laptop shows connected to Wi Fi but no internal sites will load. I have a client deadline later today.,Network and VPN,Medium,Phone,Project File Share
TKT-0055,2026-07-01 13:15:00,MFA code not working,Please help. I can sign in to my laptop but the application says I do not have access. The issue continues after a restart.,Account Access,High,Portal,Identity Portal
TKT-0767,2026-06-06 08:55:00,Unexpected login alert,Please help. A security warning appeared after I opened a downloaded file. I have a client deadline later today.,Security,Medium,Email,Identity Portal
TKT-0407,2026-07-30 14:36:00,Missing messages,"Hi support, Messages remain in the outbox and do not send to external recipients. The problem began after the latest update.",Email,Medium,Portal,Exchange Online
TKT-0691,2026-08-16 01:35:00,Monitor not detected,"IT team, Several keys stopped responding after I returned from lunch. Please let me know what information you need.",Hardware,High,Chat,Docking Station
TKT-0025,2026-06-02 07:05:00,Cannot sign in,Please help. I changed my password this morning and now my credentials are rejected. This started this morning.,Account Access,Medium,Phone,Time Entry
TKT-0780,2026-07-14 11:05:00,Unexpected login alert,"IT team, I received a password reset notification that I did not request. This started this morning.",Security,High,Phone,Identity Portal
TKT-0230,2026-06-23 04:53:00,VPN will not connect,"Hi support, My wireless connection disconnects every few minutes in the office. Another team member can use the same service.",Network and VPN,High,Portal,Office Wi Fi
TKT-0531,2026-08-29 16:44:00,Application crashes,"Hi support, I need the approved software installed for a new assignment. The problem began after the latest update.",Software,High,Phone,PDF Editor
TKT-0303,2026-06-15 07:21:00,Attachment blocked,A project attachment is being blocked when I try to send it. Please let me know what information you need.,Email,Medium,Portal,Email Gateway
TKT-0848,2026-06-21 02:26:00,Unexpected login alert,I received an email asking me to sign in through a link that does not look legitimate. The issue continues after a restart.,Security,High,Email,Identity Portal
TKT-0294,2026-07-21 08:38:00,No network access,"Hello, My laptop shows connected to Wi Fi but no internal sites will load. There is no error code displayed.",Network and VPN,High,Portal,Remote Desktop
TKT-0530,2026-06-11 21:06:00,Software install request,"Hello, The program displays an error message and will not open. There is no error code displayed.",Software,Low,Email,Finance Application
TKT-0854,2026-07-16 06:52:00,Unexpected login alert,"Hello, My company phone is missing and may have been left in a public location. Please let me know what information you need.",Security,Medium,Chat,Security Operations
TKT-0602,2026-08-07 12:49:00,Battery drains quickly,"IT team, USB devices disconnect whenever I connect through the docking station. This started this morning.",Hardware,Low,Phone,Docking Station
TKT-0558,2026-07-04 23:38:00,Application crashes,Please help. The program displays an error message and will not open. There is no error code displayed.,Software,Medium,Phone,CAD Application
TKT-0491,2026-07-04 19:04:00,Application crashes,The program says no license is available even though I used it yesterday. The problem began after the latest update.,Software,High,Email,CAD Application
TKT-0620,2026-07-07 19:10:00,Keyboard stopped working,Please help. The battery now lasts less than one hour after a full charge. There is no error code displayed.,Hardware,Medium,Email,Laptop
TKT-0488,2026-08-15 13:34:00,Update failed,The program says no license is available even though I used it yesterday. The issue continues after a restart.,Software,High,Phone,Project Management Tool
TKT-0333,2026-08-14 07:14:00,Mailbox is full,"IT team, Several expected emails are missing even though the senders received no error. This started this morning.",Email,Medium,Portal,Shared Mailbox
TKT-0281,2026-07-09 11:13:00,Remote connection is slow,Please help. My laptop shows connected to Wi Fi but no internal sites will load. The issue continues after a restart.,Network and VPN,Low,Phone,Office Wi Fi
TKT-0570,2026-06-16 08:32:00,Application crashes,Please help. I need the approved software installed for a new assignment. This started this morning.,Software,Low,Portal,Project Management Tool
TKT-0821,2026-06-12 01:19:00,Unusual password reset,"Hi support, I received an email asking me to sign in through a link that does not look legitimate. The issue continues after a restart.",Security,High,Chat,Email Gateway
TKT-0514,2026-06-30 09:41:00,License error,"Hi support, The program says no license is available even though I used it yesterday. The problem began after the latest update.",Software,Medium,Chat,PDF Editor
TKT-0630,2026-08-31 00:32:00,Monitor not detected,Please help. Several keys stopped responding after I returned from lunch. The issue continues after a restart.,Hardware,High,Portal,Battery
TKT-0439,2026-08-11 17:13:00,Missing messages,"IT team, Several expected emails are missing even though the senders received no error. I have a client deadline later today.",Email,Low,Email,Outlook
TKT-0809,2026-07-22 00:21:00,Suspicious email received,"Hello, A security warning appeared after I opened a downloaded file. Another team member can use the same service.",Security,High,Chat,Identity Portal
TKT-0851,2026-06-27 09:54:00,Possible malware warning,"Hi support, I received a password reset notification that I did not request. I am working remotely today.",Security,High,Chat,Identity Portal
TKT-0460,2026-06-25 11:33:00,Application crashes,"Hi support, The application closes immediately after I open the project file. Please let me know what information you need.",Software,Low,Portal,CAD Application
TKT-0307,2026-06-05 13:33:00,Email not sending,"Hello, Messages remain in the outbox and do not send to external recipients. The issue continues after a restart.",Email,Low,Portal,Exchange Online
TKT-0151,2026-07-13 13:01:00,Cannot reach shared drive,"Hello, The VPN client stops while connecting and reports that the gateway is unavailable. The problem began after the latest update.",Network and VPN,High,Portal,Office Wi Fi
TKT-0092,2026-07-23 10:42:00,Password reset needed,"Hello, The multifactor authentication code is not arriving on my phone. I have a client deadline later today.",Account Access,High,Email,Microsoft 365
TKT-0244,2026-07-04 17:56:00,Wi Fi keeps dropping,"Hello, My wireless connection disconnects every few minutes in the office. Please let me know what information you need.",Network and VPN,High,Phone,Remote Desktop
TKT-0864,2026-08-15 21:08:00,Lost company device,My company phone is missing and may have been left in a public location. The problem began after the latest update.,Security,Critical,Email,Endpoint Protection
TKT-0583,2026-07-04 23:13:00,Program will not open,The latest update repeatedly fails near the end of installation. I am working remotely today.,Software,High,Portal,CAD Application
TKT-0785,2026-06-24 06:37:00,Suspicious email received,I received a password reset notification that I did not request. Another team member can use the same service.,Security,Medium,Email,Identity Portal
TKT-0149,2026-07-23 21:04:00,Access denied,I entered the wrong password several times and my account is now locked. Please let me know what information you need.,Account Access,Low,Chat,Project Portal
TKT-0665,2026-08-13 16:42:00,Keyboard stopped working,"Hi support, USB devices disconnect whenever I connect through the docking station. The problem began after the latest update.",Hardware,Medium,Portal,Laptop
TKT-0515,2026-08-05 10:22:00,Update failed,"IT team, The program displays an error message and will not open. Please let me know what information you need.",Software,Medium,Portal,Finance Application
TKT-0211,2026-08-17 21:28:00,No network access,"Hi support, My wireless connection disconnects every few minutes in the office. I am working remotely today.",Network and VPN,Medium,Email,Corporate VPN
TKT-0503,2026-08-29 04:03:00,Program will not open,"Hi support, The latest update repeatedly fails near the end of installation. The problem began after the latest update.",Software,Low,Portal,Project Management Tool
TKT-0484,2026-07-11 00:14:00,Software install request,I need the approved software installed for a new assignment. Another team member can use the same service.,Software,Low,Chat,CAD Application
TKT-0559,2026-07-17 18:29:00,Software install request,"Hi support, The latest update repeatedly fails near the end of installation. I am working remotely today.",Software,Medium,Portal,Finance Application
TKT-0405,2026-07-29 11:08:00,Missing messages,"Hello, Several expected emails are missing even though the senders received no error. Please let me know what information you need.",Email,High,Phone,Exchange Online
TKT-0204,2026-06-06 21:24:00,Wi Fi keeps dropping,Please help. My wireless connection disconnects every few minutes in the office. This started this morning.,Network and VPN,Medium,Email,Project File Share
TKT-0276,2026-07-03 11:26:00,Wi Fi keeps dropping,"IT team, Websites work but I cannot reach the shared project drive from home. I am working remotely today.",Network and VPN,Medium,Email,Remote Desktop
TKT-0212,2026-06-18 08:53:00,No network access,The network connection is extremely slow when I open large files remotely. Please let me know what information you need.,Network and VPN,High,Chat,Office Wi Fi
TKT-0160,2026-06-14 19:28:00,Cannot reach shared drive,Please help. Websites work but I cannot reach the shared project drive from home. The issue continues after a restart.,Network and VPN,Medium,Chat,Project File Share
TKT-0638,2026-08-10 13:47:00,Docking station issue,Several keys stopped responding after I returned from lunch. I am working remotely today.,Hardware,Medium,Phone,Laptop
TKT-0031,2026-07-17 19:10:00,MFA code not working,Please help. I can sign in to my laptop but the application says I do not have access. This started this morning.,Account Access,High,Phone,Microsoft 365
TKT-0344,2026-08-19 20:35:00,Too much spam,"IT team, I am receiving a large increase in unwanted messages today. There is no error code displayed.",Email,Low,Phone,Exchange Online
TKT-0617,2026-06-14 18:52:00,Laptop will not start,"Hi support, The battery now lasts less than one hour after a full charge. I have a client deadline later today.",Hardware,High,Phone,Docking Station
TKT-0143,2026-07-09 19:54:00,Access denied,"Hi support, I can sign in to my laptop but the application says I do not have access. This started this morning.",Account Access,High,Portal,Project Portal
TKT-0635,2026-07-28 19:53:00,Monitor not detected,"Hello, The laptop does not power on even when it is connected to the charger. This started this morning.",Hardware,Medium,Email,Battery
TKT-0430,2026-08-21 14:15:00,Attachment blocked,Please help. Several expected emails are missing even though the senders received no error. I am working remotely today.,Email,Medium,Phone,Shared Mailbox
TKT-0082,2026-06-27 15:55:00,Cannot sign in,"Hi support, I changed my password this morning and now my credentials are rejected. I have a client deadline later today.",Account Access,Medium,Email,Project Portal
TKT-0018,2026-07-20 15:31:00,MFA code not working,I changed my password this morning and now my credentials are rejected. The issue continues after a restart.,Account Access,Low,Email,Time Entry
TKT-0270,2026-07-11 07:31:00,Remote connection is slow,My laptop shows connected to Wi Fi but no internal sites will load. Another team member can use the same service.,Network and VPN,High,Portal,Corporate VPN
TKT-0366,2026-07-04 06:53:00,Mailbox is full,"IT team, Messages remain in the outbox and do not send to external recipients. There is no error code displayed.",Email,Medium,Phone,Exchange Online
TKT-0258,2026-07-23 18:18:00,Remote connection is slow,Please help. The network connection is extremely slow when I open large files remotely. The issue continues after a restart.,Network and VPN,High,Portal,Corporate VPN
TKT-0774,2026-07-26 06:29:00,Possible malware warning,A security warning appeared after I opened a downloaded file. I am working remotely today.,Security,High,Chat,Endpoint Protection
TKT-0660,2026-08-29 14:55:00,Monitor not detected,Please help. The second monitor is blank and is not shown in display settings. The problem began after the latest update.,Hardware,High,Chat,Monitor
TKT-0201,2026-08-26 03:02:00,No network access,"Hello, My wireless connection disconnects every few minutes in the office. Please let me know what information you need.",Network and VPN,Medium,Portal,Corporate VPN
TKT-0199,2026-06-26 11:19:00,Wi Fi keeps dropping,"Hi support, The network connection is extremely slow when I open large files remotely. Please let me know what information you need.",Network and VPN,Medium,Portal,Office Wi Fi
TKT-0567,2026-07-14 22:21:00,Application crashes,Please help. The program displays an error message and will not open. The issue continues after a restart.,Software,High,Email,CAD Application
TKT-0716,2026-06-18 13:19:00,Monitor not detected,"Hello, The laptop does not power on even when it is connected to the charger. I have a client deadline later today.",Hardware,Medium,Phone,Monitor
TKT-0130,2026-06-01 05:58:00,Access denied,I can sign in to my laptop but the application says I do not have access. I have a client deadline later today.,Account Access,Low,Email,Project Portal
TKT-0888,2026-08-09 03:18:00,Unexpected login alert,Please help. The account portal reported a login from a location I do not recognize. I am working remotely today.,Security,High,Chat,Security Operations
TKT-0572,2026-07-10 03:29:00,Software install request,"IT team, The program says no license is available even though I used it yesterday. This started this morning.",Software,Medium,Portal,Finance Application
TKT-0822,2026-06-27 21:13:00,Possible malware warning,"Hello, I received an email asking me to sign in through a link that does not look legitimate. This started this morning.",Security,High,Email,Endpoint Protection
TKT-0532,2026-08-16 22:51:00,Application crashes,The program displays an error message and will not open. Another team member can use the same service.,Software,High,Portal,CAD Application
TKT-0147,2026-07-06 05:50:00,Access denied,The multifactor authentication code is not arriving on my phone. This started this morning.,Account Access,High,Phone,Microsoft 365
TKT-0351,2026-08-12 12:54:00,Attachment blocked,"Hello, A project attachment is being blocked when I try to send it. The problem began after the latest update.",Email,Low,Email,Email Gateway
TKT-0178,2026-07-19 07:35:00,Wi Fi keeps dropping,The network connection is extremely slow when I open large files remotely. The problem began after the latest update.,Network and VPN,Medium,Phone,Office Wi Fi
TKT-0164,2026-08-16 12:14:00,VPN will not connect,"IT team, The network connection is extremely slow when I open large files remotely. This started this morning.",Network and VPN,Medium,Phone,Corporate VPN
TKT-0141,2026-08-13 20:39:00,Account locked,"Hello, I can sign in to my laptop but the application says I do not have access. Another team member can use the same service.",Account Access,Medium,Chat,Identity Portal
TKT-0248,2026-06-11 20:27:00,No network access,Please help. The network connection is extremely slow when I open large files remotely. The problem began after the latest update.,Network and VPN,Medium,Portal,Office Wi Fi
TKT-0872,2026-08-12 19:18:00,Unexpected login alert,"Hi support, The account portal reported a login from a location I do not recognize. There is no error code displayed.",Security,Critical,Chat,Endpoint Protection
TKT-0124,2026-06-04 15:42:00,Cannot sign in,"Hello, I entered the wrong password several times and my account is now locked. There is no error code displayed.",Account Access,High,Portal,Project Portal
TKT-0756,2026-07-28 13:30:00,Unusual password reset,Please help. The account portal reported a login from a location I do not recognize. The issue continues after a restart.,Security,Medium,Email,Identity Portal
TKT-0140,2026-07-22 21:10:00,Access denied,"Hello, The multifactor authentication code is not arriving on my phone. There is no error code displayed.",Account Access,Low,Email,Identity Portal
TKT-0131,2026-07-13 00:12:00,Access denied,Please help. I can sign in to my laptop but the application says I do not have access. Please let me know what information you need.,Account Access,Medium,Email,Project Portal
TKT-0120,2026-08-28 03:48:00,Account locked,Please help. I entered the wrong password several times and my account is now locked. The problem began after the latest update.,Account Access,Low,Portal,Time Entry
TKT-0061,2026-08-17 02:23:00,Password reset needed,"IT team, I entered the wrong password several times and my account is now locked. Please let me know what information you need.",Account Access,Low,Portal,Project Portal
TKT-0089,2026-06-28 17:09:00,Access denied,"IT team, I can sign in to my laptop but the application says I do not have access. Please let me know what information you need.",Account Access,High,Phone,Identity Portal
TKT-0397,2026-07-20 16:44:00,Too much spam,"IT team, Several expected emails are missing even though the senders received no error. Another team member can use the same service.",Email,Medium,Email,Email Gateway
TKT-0794,2026-07-12 05:55:00,Possible malware warning,"IT team, My company phone is missing and may have been left in a public location. Another team member can use the same service.",Security,High,Portal,Identity Portal
TKT-0850,2026-08-29 08:28:00,Unusual password reset,I received a password reset notification that I did not request. This started this morning.,Security,Medium,Portal,Identity Portal
TKT-0819,2026-06-05 17:24:00,Unusual password reset,"Hi support, I received an email asking me to sign in through a link that does not look legitimate. Please let me know what information you need.",Security,High,Email,Endpoint Protection
TKT-0335,2026-07-11 20:57:00,Missing messages,"Hello, Outlook reports that my mailbox has reached its storage limit. I am working remotely today.",Email,Medium,Chat,Exchange Online
TKT-0282,2026-06-28 16:51:00,VPN will not connect,Please help. The network connection is extremely slow when I open large files remotely. I have a client deadline later today.,Network and VPN,Medium,Email,Office Wi Fi
TKT-0738,2026-07-26 10:00:00,Keyboard stopped working,Please help. Several keys stopped responding after I returned from lunch. The problem began after the latest update.,Hardware,High,Chat,Battery
TKT-0260,2026-07-26 02:00:00,VPN will not connect,"IT team, The VPN client stops while connecting and reports that the gateway is unavailable. I have a client deadline later today.",Network and VPN,Low,Chat,Project File Share
TKT-0705,2026-06-30 14:30:00,Docking station issue,"IT team, The battery now lasts less than one hour after a full charge. There is no error code displayed.",Hardware,Low,Phone,Keyboard
TKT-0223,2026-07-15 10:59:00,Cannot reach shared drive,"Hello, My laptop shows connected to Wi Fi but no internal sites will load. The issue continues after a restart.",Network and VPN,Low,Chat,Corporate VPN
TKT-0580,2026-08-27 02:56:00,Software install request,"Hi support, The program says no license is available even though I used it yesterday. The issue continues after a restart.",Software,High,Phone,Finance Application
TKT-0750,2026-06-17 00:26:00,Monitor not detected,"Hi support, The laptop does not power on even when it is connected to the charger. This started this morning.",Hardware,Low,Chat,Keyboard
TKT-0289,2026-08-17 01:41:00,Remote connection is slow,The network connection is extremely slow when I open large files remotely. I have a client deadline later today.,Network and VPN,Medium,Email,Office Wi Fi
TKT-0063,2026-06-17 19:53:00,MFA code not working,My password expired and the reset page will not accept the new password. There is no error code displayed.,Account Access,Medium,Phone,Project Portal
TKT-0566,2026-06-28 18:06:00,License error,Please help. The latest update repeatedly fails near the end of installation. This started this morning.,Software,Medium,Chat,PDF Editor
TKT-0192,2026-08-12 22:16:00,Cannot reach shared drive,"Hi support, My laptop shows connected to Wi Fi but no internal sites will load. The issue continues after a restart.",Network and VPN,Medium,Chat,Remote Desktop
TKT-0285,2026-07-12 03:35:00,Wi Fi keeps dropping,Websites work but I cannot reach the shared project drive from home. Please let me know what information you need.,Network and VPN,Medium,Email,Corporate VPN
TKT-0642,2026-07-16 12:44:00,Docking station issue,USB devices disconnect whenever I connect through the docking station. Please let me know what information you need.,Hardware,Medium,Chat,Monitor
TKT-0011,2026-06-11 16:34:00,Cannot sign in,Please help. I changed my password this morning and now my credentials are rejected. This started this morning.,Account Access,High,Portal,Time Entry
TKT-0846,2026-07-25 15:50:00,Possible malware warning,Please help. A security warning appeared after I opened a downloaded file. This started this morning.,Security,Critical,Phone,Endpoint Protection
TKT-0440,2026-07-13 11:52:00,Too much spam,"Hi support, Messages remain in the outbox and do not send to external recipients. Another team member can use the same service.",Email,Medium,Chat,Outlook
TKT-0325,2026-06-14 20:11:00,Email not sending,Please help. I am receiving a large increase in unwanted messages today. There is no error code displayed.,Email,High,Phone,Outlook
TKT-0181,2026-08-19 11:58:00,Remote connection is slow,The VPN client stops while connecting and reports that the gateway is unavailable. The problem began after the latest update.,Network and VPN,Medium,Email,Remote Desktop
TKT-0834,2026-06-13 11:31:00,Possible malware warning,Please help. My company phone is missing and may have been left in a public location. The issue continues after a restart.,Security,Critical,Phone,Security Operations
TKT-0687,2026-08-06 08:54:00,Keyboard stopped working,Please help. Several keys stopped responding after I returned from lunch. The issue continues after a restart.,Hardware,High,Portal,Battery
TKT-0773,2026-07-08 19:21:00,Suspicious email received,Please help. My company phone is missing and may have been left in a public location. I have a client deadline later today.,Security,Medium,Email,Email Gateway
TKT-0145,2026-08-15 02:42:00,Access denied,I entered the wrong password several times and my account is now locked. Please let me know what information you need.,Account Access,Medium,Phone,Identity Portal
TKT-0148,2026-06-01 16:05:00,Access denied,I changed my password this morning and now my credentials are rejected. Another team member can use the same service.,Account Access,High,Phone,Time Entry
TKT-0524,2026-08-19 18:24:00,Update failed,The latest update repeatedly fails near the end of installation. I have a client deadline later today.,Software,High,Phone,Project Management Tool
TKT-0769,2026-08-19 18:42:00,Unexpected login alert,"Hello, My company phone is missing and may have been left in a public location. Please let me know what information you need.",Security,Medium,Chat,Email Gateway
TKT-0156,2026-08-05 03:38:00,Wi Fi keeps dropping,"Hi support, My wireless connection disconnects every few minutes in the office. I am working remotely today.",Network and VPN,High,Email,Office Wi Fi
TKT-0235,2026-06-18 17:36:00,VPN will not connect,"IT team, The network connection is extremely slow when I open large files remotely. I am working remotely today.",Network and VPN,High,Email,Project File Share
TKT-0041,2026-08-30 13:10:00,Account locked,"IT team, I can sign in to my laptop but the application says I do not have access. Please let me know what information you need.",Account Access,Medium,Chat,Identity Portal
TKT-0763,2026-08-07 10:37:00,Possible malware warning,Please help. I received a password reset notification that I did not request. Please let me know what information you need.,Security,Critical,Portal,Identity Portal
TKT-0142,2026-06-12 18:10:00,Cannot sign in,"Hello, I entered the wrong password several times and my account is now locked. I am working remotely today.",Account Access,High,Phone,Microsoft 365
TKT-0070,2026-08-17 14:59:00,Cannot sign in,Please help. I entered the wrong password several times and my account is now locked. This started this morning.,Account Access,High,Phone,Microsoft 365
TKT-0056,2026-07-07 17:33:00,MFA code not working,"IT team, The multifactor authentication code is not arriving on my phone. Please let me know what information you need.",Account Access,High,Chat,Time Entry
TKT-0540,2026-08-30 15:27:00,Program will not open,"Hello, The latest update repeatedly fails near the end of installation. There is no error code displayed.",Software,Low,Phone,CAD Application
TKT-0824,2026-06-03 08:21:00,Unusual password reset,"Hi support, A security warning appeared after I opened a downloaded file. This started this morning.",Security,Critical,Portal,Endpoint Protection
TKT-0571,2026-08-06 19:13:00,Software install request,"Hi support, The latest update repeatedly fails near the end of installation. The problem began after the latest update.",Software,Medium,Phone,Finance Application
TKT-0744,2026-07-24 06:29:00,Docking station issue,USB devices disconnect whenever I connect through the docking station. The issue continues after a restart.,Hardware,High,Chat,Docking Station
TKT-0825,2026-06-22 16:29:00,Possible malware warning,"Hello, I received a password reset notification that I did not request. I have a client deadline later today.",Security,Medium,Portal,Security Operations
TKT-0650,2026-06-13 16:03:00,Monitor not detected,Please help. The battery now lasts less than one hour after a full charge. Please let me know what information you need.,Hardware,Low,Email,Docking Station
TKT-0545,2026-08-16 18:55:00,Update failed,"Hello, The latest update repeatedly fails near the end of installation. The problem began after the latest update.",Software,Medium,Email,CAD Application
TKT-0406,2026-08-14 10:59:00,Too much spam,A project attachment is being blocked when I try to send it. This started this morning.,Email,High,Email,Email Gateway
TKT-0736,2026-08-10 07:45:00,Battery drains quickly,Please help. USB devices disconnect whenever I connect through the docking station. Please let me know what information you need.,Hardware,Medium,Portal,Keyboard
TKT-0039,2026-06-12 20:18:00,Account locked,The multifactor authentication code is not arriving on my phone. There is no error code displayed.,Account Access,Low,Email,Time Entry
TKT-0427,2026-07-27 05:59:00,Mailbox is full,"Hi support, Several expected emails are missing even though the senders received no error. I have a client deadline later today.",Email,Medium,Phone,Exchange Online
TKT-0236,2026-08-26 12:24:00,Wi Fi keeps dropping,Websites work but I cannot reach the shared project drive from home. Please let me know what information you need.,Network and VPN,High,Phone,Project File Share
TKT-0323,2026-07-26 12:08:00,Too much spam,"Hi support, A project attachment is being blocked when I try to send it. I have a client deadline later today.",Email,Low,Chat,Outlook
TKT-0433,2026-07-24 05:03:00,Missing messages,"Hello, A project attachment is being blocked when I try to send it. This started this morning.",Email,High,Email,Outlook
TKT-0473,2026-07-09 11:04:00,License error,"Hello, The application closes immediately after I open the project file. There is no error code displayed.",Software,Medium,Phone,Finance Application
TKT-0493,2026-07-26 17:02:00,Software install request,Please help. The program says no license is available even though I used it yesterday. I am working remotely today.,Software,Low,Phone,CAD Application
TKT-0035,2026-08-11 07:05:00,Account locked,I entered the wrong password several times and my account is now locked. I am working remotely today.,Account Access,Medium,Email,Microsoft 365
TKT-0065,2026-07-22 19:17:00,MFA code not working,"IT team, My password expired and the reset page will not accept the new password. I have a client deadline later today.",Account Access,Medium,Portal,Microsoft 365
TKT-0299,2026-07-19 05:15:00,VPN will not connect,My laptop shows connected to Wi Fi but no internal sites will load. I am working remotely today.,Network and VPN,High,Phone,Remote Desktop
TKT-0318,2026-08-25 21:35:00,Attachment blocked,"Hi support, Messages remain in the outbox and do not send to external recipients. The problem began after the latest update.",Email,High,Email,Email Gateway
TKT-0855,2026-07-27 11:15:00,Lost company device,"Hello, I received an email asking me to sign in through a link that does not look legitimate. This started this morning.",Security,High,Portal,Identity Portal
TKT-0165,2026-08-14 15:52:00,Remote connection is slow,"Hello, The network connection is extremely slow when I open large files remotely. The problem began after the latest update.",Network and VPN,Medium,Portal,Office Wi Fi
TKT-0207,2026-07-09 22:47:00,Cannot reach shared drive,Websites work but I cannot reach the shared project drive from home. Please let me know what information you need.,Network and VPN,Medium,Portal,Remote Desktop
TKT-0553,2026-08-02 21:00:00,Application crashes,"IT team, The program displays an error message and will not open. The issue continues after a restart.",Software,Medium,Chat,Project Management Tool
TKT-0666,2026-06-22 13:17:00,Battery drains quickly,"Hello, The second monitor is blank and is not shown in display settings. I am working remotely today.",Hardware,Low,Email,Docking Station
TKT-0404,2026-07-28 21:41:00,Missing messages,Outlook reports that my mailbox has reached its storage limit. I am working remotely today.,Email,Medium,Chat,Exchange Online
TKT-0009,2026-07-16 11:53:00,Cannot sign in,"IT team, My password expired and the reset page will not accept the new password. The problem began after the latest update.",Account Access,Low,Chat,Identity Portal
TKT-0220,2026-08-22 00:17:00,No network access,"Hello, Websites work but I cannot reach the shared project drive from home. I am working remotely today.",Network and VPN,Medium,Portal,Project File Share
TKT-0363,2026-08-16 09:23:00,Too much spam,Please help. A project attachment is being blocked when I try to send it. I am working remotely today.,Email,Medium,Chat,Exchange Online
TKT-0306,2026-06-19 15:45:00,Mailbox is full,"IT team, Several expected emails are missing even though the senders received no error. There is no error code displayed.",Email,High,Chat,Outlook
TKT-0724,2026-06-02 13:32:00,Laptop will not start,"Hello, The battery now lasts less than one hour after a full charge. I have a client deadline later today.",Hardware,Medium,Phone,Keyboard
TKT-0695,2026-07-12 09:23:00,Docking station issue,Please help. USB devices disconnect whenever I connect through the docking station. The issue continues after a restart.,Hardware,Medium,Phone,Battery
TKT-0215,2026-08-23 08:12:00,Remote connection is slow,"Hello, Websites work but I cannot reach the shared project drive from home. I have a client deadline later today.",Network and VPN,Medium,Chat,Corporate VPN
TKT-0688,2026-07-02 06:51:00,Laptop will not start,"IT team, The laptop does not power on even when it is connected to the charger. Please let me know what information you need.",Hardware,Medium,Portal,Monitor
TKT-0751,2026-08-28 12:20:00,Unexpected login alert,"Hello, My company phone is missing and may have been left in a public location. There is no error code displayed.",Security,Critical,Portal,Identity Portal
TKT-0827,2026-08-26 00:42:00,Possible malware warning,"Hi support, The account portal reported a login from a location I do not recognize. I have a client deadline later today.",Security,Critical,Portal,Identity Portal
TKT-0042,2026-08-13 07:44:00,Password reset needed,"IT team, My password expired and the reset page will not accept the new password. This started this morning.",Account Access,Medium,Chat,Identity Portal
TKT-0760,2026-06-29 20:07:00,Suspicious email received,"IT team, My company phone is missing and may have been left in a public location. Another team member can use the same service.",Security,High,Phone,Security Operations
TKT-0115,2026-06-16 04:57:00,Password reset needed,"IT team, My password expired and the reset page will not accept the new password. Another team member can use the same service.",Account Access,High,Chat,Project Portal
TKT-0187,2026-08-23 13:18:00,No network access,Please help. The network connection is extremely slow when I open large files remotely. Please let me know what information you need.,Network and VPN,Medium,Chat,Corporate VPN
TKT-0134,2026-07-13 22:11:00,Cannot sign in,"IT team, I changed my password this morning and now my credentials are rejected. Another team member can use the same service.",Account Access,High,Chat,Microsoft 365
TKT-0497,2026-07-04 01:50:00,License error,"Hello, I need the approved software installed for a new assignment. This started this morning.",Software,Medium,Portal,Project Management Tool
TKT-0217,2026-07-17 07:13:00,Remote connection is slow,"Hi support, The network connection is extremely slow when I open large files remotely. Please let me know what information you need.",Network and VPN,Medium,Phone,Remote Desktop
TKT-0163,2026-06-02 09:08:00,VPN will not connect,"Hello, My wireless connection disconnects every few minutes in the office. I am working remotely today.",Network and VPN,Medium,Chat,Project File Share
TKT-0152,2026-06-03 05:26:00,Wi Fi keeps dropping,The network connection is extremely slow when I open large files remotely. The problem began after the latest update.,Network and VPN,Medium,Portal,Office Wi Fi
TKT-0394,2026-08-23 08:45:00,Mailbox is full,Messages remain in the outbox and do not send to external recipients. This started this morning.,Email,High,Email,Email Gateway
TKT-0875,2026-07-05 11:35:00,Possible malware warning,"IT team, A security warning appeared after I opened a downloaded file. I am working remotely today.",Security,Critical,Portal,Email Gateway
TKT-0030,2026-08-09 10:47:00,Cannot sign in,I entered the wrong password several times and my account is now locked. Please let me know what information you need.,Account Access,High,Email,Microsoft 365
TKT-0847,2026-08-11 00:44:00,Suspicious email received,"IT team, My company phone is missing and may have been left in a public location. Another team member can use the same service.",Security,High,Phone,Endpoint Protection
TKT-0616,2026-08-24 20:34:00,Battery drains quickly,"Hello, The laptop does not power on even when it is connected to the charger. This started this morning.",Hardware,Low,Portal,Battery
TKT-0016,2026-06-20 07:13:00,Account locked,The multifactor authentication code is not arriving on my phone. Another team member can use the same service.,Account Access,High,Email,Time Entry
TKT-0792,2026-06-07 19:23:00,Unusual password reset,"Hi support, A security warning appeared after I opened a downloaded file. This started this morning.",Security,High,Email,Identity Portal
TKT-0121,2026-07-22 00:26:00,Access denied,"Hello, I entered the wrong password several times and my account is now locked. I have a client deadline later today.",Account Access,High,Chat,Identity Portal
TKT-0254,2026-08-20 10:37:00,Wi Fi keeps dropping,"IT team, The VPN client stops while connecting and reports that the gateway is unavailable. This started this morning.",Network and VPN,Low,Portal,Project File Share
TKT-0684,2026-08-07 23:20:00,Laptop will not start,Please help. USB devices disconnect whenever I connect through the docking station. I am working remotely today.,Hardware,Medium,Portal,Docking Station
TKT-0269,2026-08-26 12:44:00,No network access,Websites work but I cannot reach the shared project drive from home. I am working remotely today.,Network and VPN,Medium,Phone,Office Wi Fi
TKT-0278,2026-06-28 03:55:00,Wi Fi keeps dropping,"Hello, Websites work but I cannot reach the shared project drive from home. This started this morning.",Network and VPN,Low,Chat,Corporate VPN
TKT-0653,2026-06-12 12:26:00,Keyboard stopped working,"IT team, The laptop does not power on even when it is connected to the charger. The problem began after the latest update.",Hardware,High,Chat,Keyboard
TKT-0510,2026-08-06 19:49:00,Update failed,"IT team, The application closes immediately after I open the project file. I have a client deadline later today.",Software,Low,Chat,Finance Application
TKT-0820,2026-08-16 08:43:00,Suspicious email received,"Hi support, My company phone is missing and may have been left in a public location. Another team member can use the same service.",Security,High,Chat,Email Gateway
TKT-0229,2026-07-28 00:40:00,Cannot reach shared drive,"Hello, The VPN client stops while connecting and reports that the gateway is unavailable. I have a client deadline later today.",Network and VPN,Medium,Portal,Project File Share
TKT-0102,2026-08-20 10:03:00,Cannot sign in,The multifactor authentication code is not arriving on my phone. Another team member can use the same service.,Account Access,Low,Email,Identity Portal
TKT-0374,2026-07-15 00:08:00,Email not sending,"Hi support, Messages remain in the outbox and do not send to external recipients. I am working remotely today.",Email,High,Chat,Shared Mailbox
TKT-0159,2026-07-19 12:14:00,Remote connection is slow,Please help. The network connection is extremely slow when I open large files remotely. The issue continues after a restart.,Network and VPN,High,Email,Project File Share
TKT-0496,2026-07-23 16:21:00,Application crashes,"Hi support, The program displays an error message and will not open. This started this morning.",Software,Medium,Email,Finance Application
TKT-0221,2026-06-26 09:48:00,Cannot reach shared drive,"Hi support, The VPN client stops while connecting and reports that the gateway is unavailable. I have a client deadline later today.",Network and VPN,Low,Email,Corporate VPN
TKT-0519,2026-07-24 04:33:00,Software install request,"Hi support, The program displays an error message and will not open. Please let me know what information you need.",Software,Medium,Chat,CAD Application
TKT-0518,2026-06-16 10:02:00,Program will not open,"Hi support, The program says no license is available even though I used it yesterday. I am working remotely today.",Software,Medium,Email,PDF Editor
TKT-0302,2026-07-30 13:45:00,Missing messages,Please help. A project attachment is being blocked when I try to send it. I have a client deadline later today.,Email,Medium,Portal,Exchange Online
TKT-0693,2026-06-05 03:38:00,Keyboard stopped working,"Hello, The second monitor is blank and is not shown in display settings. The issue continues after a restart.",Hardware,Low,Email,Battery
TKT-0227,2026-06-01 07:53:00,Wi Fi keeps dropping,"Hi support, My laptop shows connected to Wi Fi but no internal sites will load. There is no error code displayed.",Network and VPN,High,Email,Project File Share
TKT-0682,2026-06-02 03:21:00,Monitor not detected,The laptop does not power on even when it is connected to the charger. Please let me know what information you need.,Hardware,Medium,Email,Battery
TKT-0522,2026-07-13 13:57:00,Program will not open,The program says no license is available even though I used it yesterday. Another team member can use the same service.,Software,High,Email,Project Management Tool
TKT-0500,2026-06-13 09:54:00,Program will not open,"Hi support, I need the approved software installed for a new assignment. I am working remotely today.",Software,Medium,Phone,Finance Application
TKT-0250,2026-08-14 07:38:00,Remote connection is slow,"Hi support, My wireless connection disconnects every few minutes in the office. I have a client deadline later today.",Network and VPN,High,Portal,Office Wi Fi
TKT-0676,2026-08-21 18:32:00,Keyboard stopped working,"Hello, The laptop does not power on even when it is connected to the charger. This started this morning.",Hardware,Medium,Chat,Laptop
TKT-0813,2026-08-02 11:26:00,Unexpected login alert,"Hi support, I received a password reset notification that I did not request. This started this morning.",Security,Medium,Chat,Security Operations
TKT-0480,2026-07-22 13:41:00,Update failed,"Hello, The program displays an error message and will not open. The issue continues after a restart.",Software,Medium,Phone,Finance Application
TKT-0144,2026-08-28 01:15:00,Password reset needed,Please help. I entered the wrong password several times and my account is now locked. This started this morning.,Account Access,Medium,Phone,Time Entry
TKT-0383,2026-06-21 23:18:00,Too much spam,Please help. I am receiving a large increase in unwanted messages today. I have a client deadline later today.,Email,Medium,Phone,Email Gateway
TKT-0047,2026-08-22 19:52:00,Account locked,My password expired and the reset page will not accept the new password. Please let me know what information you need.,Account Access,High,Portal,Time Entry
TKT-0529,2026-06-11 19:44:00,License error,"Hello, I need the approved software installed for a new assignment. The issue continues after a restart.",Software,Low,Email,Project Management Tool
TKT-0021,2026-07-27 07:54:00,Access denied,"Hi support, I entered the wrong password several times and my account is now locked. The problem began after the latest update.",Account Access,High,Portal,Time Entry
TKT-0777,2026-08-14 11:12:00,Suspicious email received,Please help. A security warning appeared after I opened a downloaded file. I have a client deadline later today.,Security,High,Chat,Identity Portal
TKT-0435,2026-08-15 23:39:00,Mailbox is full,Please help. I am receiving a large increase in unwanted messages today. Please let me know what information you need.,Email,Low,Portal,Email Gateway
TKT-0108,2026-08-14 23:58:00,Access denied,I can sign in to my laptop but the application says I do not have access. Another team member can use the same service.,Account Access,Medium,Chat,Project Portal
TKT-0064,2026-07-13 12:08:00,Account locked,"Hello, I entered the wrong password several times and my account is now locked. The issue continues after a restart.",Account Access,High,Chat,Microsoft 365
TKT-0791,2026-08-30 13:18:00,Unusual password reset,Please help. My company phone is missing and may have been left in a public location. I am working remotely today.,Security,Medium,Phone,Endpoint Protection
TKT-0900,2026-08-07 19:02:00,Lost company device,"Hello, A security warning appeared after I opened a downloaded file. The issue continues after a restart.",Security,Medium,Phone,Identity Portal
TKT-0891,2026-06-22 19:16:00,Unexpected login alert,The account portal reported a login from a location I do not recognize. The problem began after the latest update.,Security,High,Portal,Email Gateway
TKT-0657,2026-07-07 01:13:00,Docking station issue,"Hello, The laptop does not power on even when it is connected to the charger. The problem began after the latest update.",Hardware,Medium,Phone,Keyboard
TKT-0158,2026-07-06 07:21:00,VPN will not connect,"Hello, Websites work but I cannot reach the shared project drive from home. The problem began after the latest update.",Network and VPN,High,Phone,Office Wi Fi
TKT-0414,2026-08-20 03:12:00,Mailbox is full,Several expected emails are missing even though the senders received no error. I am working remotely today.,Email,High,Portal,Email Gateway
TKT-0066,2026-06-27 22:38:00,MFA code not working,"IT team, I can sign in to my laptop but the application says I do not have access. Another team member can use the same service.",Account Access,Medium,Chat,Time Entry
TKT-0658,2026-08-25 20:46:00,Keyboard stopped working,"Hi support, The battery now lasts less than one hour after a full charge. Please let me know what information you need.",Hardware,Low,Portal,Battery
TKT-0213,2026-08-04 05:07:00,Wi Fi keeps dropping,"Hello, My laptop shows connected to Wi Fi but no internal sites will load. There is no error code displayed.",Network and VPN,Low,Email,Remote Desktop
TKT-0048,2026-07-09 03:57:00,Access denied,"Hi support, My password expired and the reset page will not accept the new password. The issue continues after a restart.",Account Access,Low,Email,Identity Portal
TKT-0249,2026-06-09 08:28:00,No network access,"Hi support, My wireless connection disconnects every few minutes in the office. This started this morning.",Network and VPN,Medium,Email,Corporate VPN
TKT-0431,2026-06-30 09:58:00,Email not sending,Messages remain in the outbox and do not send to external recipients. I have a client deadline later today.,Email,Low,Portal,Exchange Online
TKT-0388,2026-06-16 04:24:00,Email not sending,"IT team, Messages remain in the outbox and do not send to external recipients. Please let me know what information you need.",Email,Medium,Phone,Exchange Online
TKT-0014,2026-06-06 13:43:00,Cannot sign in,Please help. The multifactor authentication code is not arriving on my phone. Please let me know what information you need.,Account Access,Medium,Phone,Microsoft 365
TKT-0482,2026-07-23 05:26:00,Update failed,"Hi support, I need the approved software installed for a new assignment. I am working remotely today.",Software,Low,Chat,Project Management Tool
TKT-0876,2026-08-11 10:13:00,Possible malware warning,Please help. My company phone is missing and may have been left in a public location. Please let me know what information you need.,Security,High,Phone,Endpoint Protection
TKT-0541,2026-06-04 08:27:00,Software install request,"Hi support, The latest update repeatedly fails near the end of installation. I have a client deadline later today.",Software,High,Portal,Project Management Tool
TKT-0197,2026-06-28 20:38:00,VPN will not connect,"Hello, The network connection is extremely slow when I open large files remotely. There is no error code displayed.",Network and VPN,Medium,Chat,Corporate VPN
TKT-0594,2026-07-26 15:20:00,Software install request,Please help. I need the approved software installed for a new assignment. The problem began after the latest update.,Software,Medium,Email,CAD Application
TKT-0712,2026-08-13 14:59:00,Laptop will not start,"Hello, USB devices disconnect whenever I connect through the docking station. The issue continues after a restart.",Hardware,High,Phone,Battery
TKT-0208,2026-08-21 05:22:00,No network access,"IT team, My wireless connection disconnects every few minutes in the office. There is no error code displayed.",Network and VPN,Medium,Email,Corporate VPN
TKT-0636,2026-06-09 06:22:00,Keyboard stopped working,"IT team, Several keys stopped responding after I returned from lunch. Another team member can use the same service.",Hardware,Medium,Portal,Monitor
TKT-0823,2026-08-04 02:20:00,Possible malware warning,"Hi support, I received an email asking me to sign in through a link that does not look legitimate. Another team member can use the same service.",Security,High,Portal,Identity Portal
TKT-0216,2026-07-20 19:46:00,No network access,"Hello, My laptop shows connected to Wi Fi but no internal sites will load. Please let me know what information you need.",Network and VPN,Medium,Phone,Remote Desktop
TKT-0870,2026-08-29 16:35:00,Suspicious email received,"IT team, A security warning appeared after I opened a downloaded file. This started this morning.",Security,High,Phone,Identity Portal
TKT-0704,2026-06-16 19:51:00,Monitor not detected,The battery now lasts less than one hour after a full charge. Please let me know what information you need.,Hardware,High,Portal,Monitor
TKT-0315,2026-06-11 13:22:00,Attachment blocked,Several expected emails are missing even though the senders received no error. The issue continues after a restart.,Email,Low,Chat,Exchange Online
TKT-0417,2026-08-12 22:21:00,Mailbox is full,"IT team, Several expected emails are missing even though the senders received no error. Another team member can use the same service.",Email,Medium,Portal,Email Gateway
TKT-0517,2026-07-11 20:50:00,License error,"Hello, I need the approved software installed for a new assignment. The issue continues after a restart.",Software,Medium,Phone,Project Management Tool
TKT-0463,2026-07-16 01:02:00,License error,The latest update repeatedly fails near the end of installation. Please let me know what information you need.,Software,Medium,Phone,Project Management Tool
TKT-0237,2026-07-10 03:06:00,Remote connection is slow,Please help. The network connection is extremely slow when I open large files remotely. I have a client deadline later today.,Network and VPN,Low,Portal,Project File Share
TKT-0798,2026-08-02 03:45:00,Unexpected login alert,"IT team, I received a password reset notification that I did not request. There is no error code displayed.",Security,Medium,Chat,Email Gateway
TKT-0436,2026-06-09 15:20:00,Too much spam,"Hi support, Messages remain in the outbox and do not send to external recipients. Another team member can use the same service.",Email,Medium,Phone,Shared Mailbox
TKT-0168,2026-07-28 11:46:00,Remote connection is slow,My wireless connection disconnects every few minutes in the office. The problem began after the latest update.,Network and VPN,Medium,Chat,Office Wi Fi
TKT-0341,2026-08-07 00:09:00,Mailbox is full,"IT team, I am receiving a large increase in unwanted messages today. There is no error code displayed.",Email,Medium,Portal,Email Gateway
TKT-0074,2026-07-08 09:12:00,MFA code not working,"Hi support, I changed my password this morning and now my credentials are rejected. Another team member can use the same service.",Account Access,Medium,Email,Microsoft 365
TKT-0516,2026-06-15 21:42:00,License error,Please help. The application closes immediately after I open the project file. This started this morning.,Software,Medium,Phone,Project Management Tool
TKT-0005,2026-06-05 22:39:00,Cannot sign in,"Hi support, I entered the wrong password several times and my account is now locked. I am working remotely today.",Account Access,High,Phone,Time Entry
TKT-0084,2026-06-29 08:59:00,Access denied,Please help. I entered the wrong password several times and my account is now locked. There is no error code displayed.,Account Access,Medium,Email,Identity Portal
TKT-0474,2026-07-12 03:33:00,Update failed,"Hello, The program says no license is available even though I used it yesterday. The problem began after the latest update.",Software,Low,Email,Project Management Tool
TKT-0150,2026-06-26 05:45:00,Account locked,I can sign in to my laptop but the application says I do not have access. The issue continues after a restart.,Account Access,Low,Email,Project Portal
TKT-0740,2026-06-24 12:06:00,Monitor not detected,"IT team, The second monitor is blank and is not shown in display settings. Please let me know what information you need.",Hardware,Low,Chat,Docking Station
TKT-0228,2026-07-01 23:59:00,Remote connection is slow,"Hello, My wireless connection disconnects every few minutes in the office. I have a client deadline later today.",Network and VPN,Medium,Email,Office Wi Fi
TKT-0472,2026-06-24 00:20:00,License error,"Hello, I need the approved software installed for a new assignment. This started this morning.",Software,Medium,Portal,PDF Editor
TKT-0376,2026-07-01 16:00:00,Too much spam,Please help. Outlook reports that my mailbox has reached its storage limit. Another team member can use the same service.,Email,Medium,Portal,Shared Mailbox
TKT-0283,2026-08-14 05:40:00,Remote connection is slow,Please help. The VPN client stops while connecting and reports that the gateway is unavailable. I have a client deadline later today.,Network and VPN,High,Phone,Corporate VPN
TKT-0415,2026-06-13 16:04:00,Email not sending,Please help. Outlook reports that my mailbox has reached its storage limit. I am working remotely today.,Email,Medium,Phone,Exchange Online
TKT-0133,2026-07-24 16:20:00,MFA code not working,Please help. I entered the wrong password several times and my account is now locked. The issue continues after a restart.,Account Access,Medium,Phone,Identity Portal
TKT-0564,2026-07-08 14:13:00,Software install request,Please help. The program says no license is available even though I used it yesterday. I am working remotely today.,Software,High,Email,CAD Application
TKT-0768,2026-06-06 19:50:00,Possible malware warning,"IT team, I received an email asking me to sign in through a link that does not look legitimate. This started this morning.",Security,High,Email,Identity Portal
TKT-0544,2026-06-12 05:07:00,Program will not open,Please help. I need the approved software installed for a new assignment. Another team member can use the same service.,Software,Medium,Chat,Finance Application
TKT-0538,2026-07-29 17:34:00,Update failed,"Hello, I need the approved software installed for a new assignment. The problem began after the latest update.",Software,High,Email,PDF Editor
TKT-0446,2026-08-19 02:11:00,Too much spam,"Hi support, Outlook reports that my mailbox has reached its storage limit. There is no error code displayed.",Email,Medium,Portal,Email Gateway
TKT-0242,2026-06-30 06:03:00,Remote connection is slow,"IT team, My wireless connection disconnects every few minutes in the office. I have a client deadline later today.",Network and VPN,High,Chat,Office Wi Fi
TKT-0770,2026-07-20 12:41:00,Possible malware warning,"Hello, The account portal reported a login from a location I do not recognize. Please let me know what information you need.",Security,High,Portal,Email Gateway
TKT-0722,2026-07-26 13:27:00,Keyboard stopped working,"Hello, The laptop does not power on even when it is connected to the charger. There is no error code displayed.",Hardware,Medium,Email,Docking Station
TKT-0525,2026-07-26 08:37:00,Program will not open,"IT team, The application closes immediately after I open the project file. Please let me know what information you need.",Software,Medium,Portal,Project Management Tool
TKT-0171,2026-07-01 22:26:00,Remote connection is slow,My wireless connection disconnects every few minutes in the office. I have a client deadline later today.,Network and VPN,Low,Phone,Project File Share
TKT-0122,2026-07-02 19:51:00,Password reset needed,I can sign in to my laptop but the application says I do not have access. The issue continues after a restart.,Account Access,Medium,Portal,Project Portal
TKT-0378,2026-08-21 16:19:00,Attachment blocked,Please help. Several expected emails are missing even though the senders received no error. There is no error code displayed.,Email,High,Chat,Email Gateway
TKT-0465,2026-08-04 10:57:00,License error,Please help. The application closes immediately after I open the project file. I have a client deadline later today.,Software,Medium,Chat,Project Management Tool
TKT-0549,2026-08-27 23:17:00,Software install request,The program displays an error message and will not open. This started this morning.,Software,Low,Email,CAD Application
TKT-0410,2026-07-31 18:45:00,Email not sending,A project attachment is being blocked when I try to send it. The problem began after the latest update.,Email,Low,Email,Email Gateway
TKT-0795,2026-08-06 23:06:00,Suspicious email received,I received an email asking me to sign in through a link that does not look legitimate. Another team member can use the same service.,Security,Critical,Portal,Endpoint Protection
TKT-0719,2026-07-31 02:56:00,Keyboard stopped working,"Hi support, The second monitor is blank and is not shown in display settings. Another team member can use the same service.",Hardware,Medium,Chat,Monitor
TKT-0563,2026-08-09 03:40:00,Application crashes,"Hello, The application closes immediately after I open the project file. I have a client deadline later today.",Software,Medium,Email,Finance Application
TKT-0013,2026-06-12 16:28:00,Cannot sign in,"Hello, I entered the wrong password several times and my account is now locked. Please let me know what information you need.",Account Access,Low,Chat,Time Entry
TKT-0265,2026-06-24 04:02:00,Cannot reach shared drive,My wireless connection disconnects every few minutes in the office. Please let me know what information you need.,Network and VPN,High,Phone,Remote Desktop
TKT-0119,2026-06-11 03:13:00,MFA code not working,"Hi support, I entered the wrong password several times and my account is now locked. I am working remotely today.",Account Access,Medium,Chat,Time Entry
TKT-0838,2026-06-19 20:10:00,Unexpected login alert,"Hello, A security warning appeared after I opened a downloaded file. There is no error code displayed.",Security,Critical,Email,Security Operations
TKT-0700,2026-07-21 12:58:00,Keyboard stopped working,Several keys stopped responding after I returned from lunch. Please let me know what information you need.,Hardware,High,Phone,Docking Station
TKT-0184,2026-06-03 20:45:00,Wi Fi keeps dropping,"Hi support, My wireless connection disconnects every few minutes in the office. Please let me know what information you need.",Network and VPN,High,Portal,Remote Desktop
TKT-0487,2026-06-24 11:31:00,Application crashes,"IT team, The latest update repeatedly fails near the end of installation. Please let me know what information you need.",Software,Medium,Portal,Project Management Tool
TKT-0395,2026-07-28 23:38:00,Email not sending,"IT team, A project attachment is being blocked when I try to send it. Please let me know what information you need.",Email,Medium,Email,Email Gateway
TKT-0006,2026-06-21 04:02:00,MFA code not working,"IT team, I can sign in to my laptop but the application says I do not have access. This started this morning.",Account Access,Low,Portal,Time Entry
TKT-0425,2026-06-24 07:11:00,Too much spam,"Hi support, I am receiving a large increase in unwanted messages today. This started this morning.",Email,High,Portal,Email Gateway
TKT-0810,2026-06-20 07:35:00,Possible malware warning,"Hi support, My company phone is missing and may have been left in a public location. Another team member can use the same service.",Security,High,Email,Endpoint Protection
TKT-0286,2026-08-09 12:49:00,VPN will not connect,"Hello, Websites work but I cannot reach the shared project drive from home. Please let me know what information you need.",Network and VPN,Low,Chat,Remote Desktop
TKT-0125,2026-08-29 06:43:00,MFA code not working,"Hello, The multifactor authentication code is not arriving on my phone. I have a client deadline later today.",Account Access,High,Portal,Time Entry
TKT-0481,2026-06-17 08:39:00,Update failed,Please help. I need the approved software installed for a new assignment. I have a client deadline later today.,Software,Medium,Chat,Finance Application
TKT-0453,2026-06-20 07:38:00,License error,"IT team, The program displays an error message and will not open. There is no error code displayed.",Software,High,Portal,Project Management Tool
TKT-0194,2026-08-25 12:31:00,No network access,My wireless connection disconnects every few minutes in the office. There is no error code displayed.,Network and VPN,Medium,Phone,Office Wi Fi
TKT-0512,2026-08-28 00:19:00,Program will not open,"Hello, The application closes immediately after I open the project file. I have a client deadline later today.",Software,Medium,Phone,Project Management Tool
TKT-0353,2026-06-17 12:01:00,Attachment blocked,"Hi support, A project attachment is being blocked when I try to send it. Please let me know what information you need.",Email,Medium,Chat,Shared Mailbox
TKT-0448,2026-07-05 03:15:00,Email not sending,Outlook reports that my mailbox has reached its storage limit. Another team member can use the same service.,Email,Medium,Email,Exchange Online
TKT-0492,2026-06-22 10:00:00,Application crashes,"Hello, The application closes immediately after I open the project file. I have a client deadline later today.",Software,Low,Email,PDF Editor
TKT-0458,2026-07-21 02:44:00,Software install request,"Hi support, The latest update repeatedly fails near the end of installation. This started this morning.",Software,Medium,Portal,CAD Application
TKT-0462,2026-07-27 02:15:00,Application crashes,Please help. The program says no license is available even though I used it yesterday. I have a client deadline later today.,Software,Medium,Chat,CAD Application
TKT-0789,2026-06-07 01:32:00,Unexpected login alert,"IT team, The account portal reported a login from a location I do not recognize. I am working remotely today.",Security,Critical,Phone,Endpoint Protection
TKT-0504,2026-07-26 14:28:00,Software install request,"IT team, The program displays an error message and will not open. This started this morning.",Software,Medium,Chat,PDF Editor
TKT-0830,2026-06-09 21:25:00,Unexpected login alert,"Hello, A security warning appeared after I opened a downloaded file. Another team member can use the same service.",Security,High,Chat,Security Operations
TKT-0332,2026-08-15 21:01:00,Too much spam,Please help. A project attachment is being blocked when I try to send it. This started this morning.,Email,High,Phone,Exchange Online
TKT-0370,2026-08-02 12:41:00,Mailbox is full,"Hello, I am receiving a large increase in unwanted messages today. There is no error code displayed.",Email,High,Portal,Exchange Online
TKT-0511,2026-06-29 20:36:00,Update failed,Please help. The program says no license is available even though I used it yesterday. I have a client deadline later today.,Software,High,Phone,Finance Application
TKT-0053,2026-07-03 01:49:00,Cannot sign in,"Hi support, I can sign in to my laptop but the application says I do not have access. I have a client deadline later today.",Account Access,Medium,Chat,Project Portal
TKT-0699,2026-06-13 01:01:00,Keyboard stopped working,"Hello, USB devices disconnect whenever I connect through the docking station. The issue continues after a restart.",Hardware,Low,Phone,Laptop
TKT-0776,2026-08-04 20:40:00,Unusual password reset,Please help. The account portal reported a login from a location I do not recognize. The problem began after the latest update.,Security,Critical,Chat,Security Operations
TKT-0506,2026-07-24 21:54:00,Software install request,Please help. The latest update repeatedly fails near the end of installation. I am working remotely today.,Software,High,Phone,Project Management Tool
TKT-0893,2026-06-30 02:54:00,Possible malware warning,"IT team, A security warning appeared after I opened a downloaded file. There is no error code displayed.",Security,Medium,Chat,Endpoint Protection
TKT-0104,2026-08-18 09:59:00,MFA code not working,"IT team, I can sign in to my laptop but the application says I do not have access. I am working remotely today.",Account Access,Medium,Portal,Project Portal
TKT-0110,2026-07-04 23:43:00,MFA code not working,"IT team, My password expired and the reset page will not accept the new password. The problem began after the latest update.",Account Access,Medium,Email,Project Portal
TKT-0317,2026-08-14 13:35:00,Too much spam,Outlook reports that my mailbox has reached its storage limit. Please let me know what information you need.,Email,Medium,Portal,Exchange Online
TKT-0176,2026-08-30 22:43:00,Cannot reach shared drive,Please help. My wireless connection disconnects every few minutes in the office. I have a client deadline later today.,Network and VPN,Low,Email,Remote Desktop
TKT-0689,2026-06-08 16:04:00,Monitor not detected,The second monitor is blank and is not shown in display settings. I have a client deadline later today.,Hardware,Low,Chat,Keyboard
TKT-0713,2026-08-15 10:23:00,Battery drains quickly,USB devices disconnect whenever I connect through the docking station. This started this morning.,Hardware,Medium,Chat,Keyboard
TKT-0471,2026-07-04 15:42:00,Application crashes,The application closes immediately after I open the project file. Please let me know what information you need.,Software,Medium,Email,Finance Application
TKT-0486,2026-08-27 21:14:00,Update failed,Please help. The application closes immediately after I open the project file. This started this morning.,Software,Medium,Phone,Finance Application
TKT-0329,2026-07-30 23:00:00,Attachment blocked,"IT team, Messages remain in the outbox and do not send to external recipients. The issue continues after a restart.",Email,Medium,Email,Email Gateway
TKT-0191,2026-08-28 02:25:00,Remote connection is slow,"Hello, The network connection is extremely slow when I open large files remotely. The issue continues after a restart.",Network and VPN,Medium,Chat,Remote Desktop
TKT-0494,2026-08-06 11:50:00,License error,"Hi support, The latest update repeatedly fails near the end of installation. The problem began after the latest update.",Software,Medium,Chat,PDF Editor
TKT-0036,2026-06-14 05:56:00,Access denied,"IT team, My password expired and the reset page will not accept the new password. Please let me know what information you need.",Account Access,Low,Phone,Microsoft 365
TKT-0844,2026-08-02 00:34:00,Possible malware warning,"Hi support, My company phone is missing and may have been left in a public location. The issue continues after a restart.",Security,Medium,Phone,Security Operations
TKT-0239,2026-06-20 02:16:00,No network access,"Hello, My wireless connection disconnects every few minutes in the office. Another team member can use the same service.",Network and VPN,Medium,Chat,Office Wi Fi
TKT-0894,2026-06-08 04:25:00,Suspicious email received,I received a password reset notification that I did not request. The issue continues after a restart.,Security,Medium,Email,Security Operations
TKT-0012,2026-08-15 19:55:00,MFA code not working,I entered the wrong password several times and my account is now locked. I have a client deadline later today.,Account Access,Medium,Chat,Project Portal
TKT-0490,2026-06-18 06:11:00,Application crashes,"Hello, I need the approved software installed for a new assignment. The issue continues after a restart.",Software,Low,Email,CAD Application
TKT-0198,2026-07-25 01:35:00,Cannot reach shared drive,"IT team, The network connection is extremely slow when I open large files remotely. There is no error code displayed.",Network and VPN,Medium,Phone,Corporate VPN
TKT-0858,2026-06-15 22:04:00,Unexpected login alert,"Hi support, A security warning appeared after I opened a downloaded file. I am working remotely today.",Security,High,Portal,Identity Portal
TKT-0711,2026-06-26 23:00:00,Keyboard stopped working,Please help. Several keys stopped responding after I returned from lunch. I am working remotely today.,Hardware,High,Phone,Keyboard
TKT-0360,2026-06-26 09:28:00,Missing messages,Please help. A project attachment is being blocked when I try to send it. I have a client deadline later today.,Email,Low,Email,Email Gateway
TKT-0038,2026-08-14 18:59:00,Cannot sign in,The multifactor authentication code is not arriving on my phone. I have a client deadline later today.,Account Access,Medium,Phone,Identity Portal
TKT-0157,2026-06-09 19:00:00,Cannot reach shared drive,Please help. The network connection is extremely slow when I open large files remotely. Another team member can use the same service.,Network and VPN,High,Phone,Remote Desktop
TKT-0167,2026-07-28 12:59:00,Wi Fi keeps dropping,"Hello, My wireless connection disconnects every few minutes in the office. This started this morning.",Network and VPN,High,Email,Corporate VPN
TKT-0411,2026-08-26 07:10:00,Too much spam,Messages remain in the outbox and do not send to external recipients. I have a client deadline later today.,Email,Medium,Email,Email Gateway
TKT-0327,2026-08-19 17:23:00,Missing messages,Please help. I am receiving a large increase in unwanted messages today. The issue continues after a restart.,Email,High,Email,Outlook
TKT-0747,2026-06-13 20:10:00,Docking station issue,Several keys stopped responding after I returned from lunch. I am working remotely today.,Hardware,Medium,Chat,Monitor
TKT-0895,2026-08-05 23:56:00,Suspicious email received,"Hi support, I received a password reset notification that I did not request. Another team member can use the same service.",Security,High,Portal,Endpoint Protection
TKT-0708,2026-07-25 06:36:00,Monitor not detected,Please help. The laptop does not power on even when it is connected to the charger. The issue continues after a restart.,Hardware,Medium,Chat,Battery
TKT-0857,2026-06-07 04:07:00,Possible malware warning,"Hi support, A security warning appeared after I opened a downloaded file. The issue continues after a restart.",Security,High,Email,Endpoint Protection
TKT-0701,2026-08-30 11:41:00,Battery drains quickly,"Hi support, The laptop does not power on even when it is connected to the charger. This started this morning.",Hardware,Medium,Chat,Battery
TKT-0412,2026-08-05 12:36:00,Mailbox is full,Several expected emails are missing even though the senders received no error. The problem began after the latest update.,Email,Medium,Phone,Outlook
TKT-0214,2026-08-06 12:44:00,No network access,"Hello, My laptop shows connected to Wi Fi but no internal sites will load. The issue continues after a restart.",Network and VPN,Medium,Email,Project File Share
TKT-0837,2026-07-31 17:26:00,Suspicious email received,"IT team, I received an email asking me to sign in through a link that does not look legitimate. I am working remotely today.",Security,Critical,Chat,Email Gateway
TKT-0314,2026-08-10 21:22:00,Email not sending,Please help. Several expected emails are missing even though the senders received no error. The problem began after the latest update.,Email,Low,Chat,Shared Mailbox
TKT-0718,2026-08-03 10:24:00,Monitor not detected,"Hi support, USB devices disconnect whenever I connect through the docking station. The issue continues after a restart.",Hardware,Medium,Chat,Docking Station
TKT-0886,2026-07-14 12:34:00,Unexpected login alert,"IT team, The account portal reported a login from a location I do not recognize. This started this morning.",Security,High,Phone,Security Operations
TKT-0720,2026-07-20 16:24:00,Laptop will not start,"IT team, USB devices disconnect whenever I connect through the docking station. Please let me know what information you need.",Hardware,Medium,Portal,Docking Station
TKT-0725,2026-06-09 08:42:00,Keyboard stopped working,"Hi support, The battery now lasts less than one hour after a full charge. The issue continues after a restart.",Hardware,Low,Portal,Keyboard
TKT-0029,2026-08-04 22:20:00,Account locked,Please help. The multifactor authentication code is not arriving on my phone. There is no error code displayed.,Account Access,Medium,Portal,Identity Portal
TKT-0320,2026-07-10 11:18:00,Attachment blocked,Outlook reports that my mailbox has reached its storage limit. I am working remotely today.,Email,Low,Portal,Email Gateway
TKT-0814,2026-06-06 21:09:00,Possible malware warning,A security warning appeared after I opened a downloaded file. There is no error code displayed.,Security,Critical,Portal,Security Operations
TKT-0889,2026-06-30 23:15:00,Unusual password reset,"Hello, The account portal reported a login from a location I do not recognize. I am working remotely today.",Security,Critical,Phone,Endpoint Protection
TKT-0126,2026-06-06 19:23:00,Access denied,Please help. I can sign in to my laptop but the application says I do not have access. This started this morning.,Account Access,Low,Portal,Microsoft 365
TKT-0193,2026-08-08 04:07:00,Remote connection is slow,Please help. Websites work but I cannot reach the shared project drive from home. I am working remotely today.,Network and VPN,Medium,Phone,Office Wi Fi
TKT-0382,2026-07-10 10:46:00,Too much spam,Please help. Several expected emails are missing even though the senders received no error. The issue continues after a restart.,Email,Medium,Chat,Outlook
TKT-0338,2026-08-05 09:49:00,Mailbox is full,"Hi support, A project attachment is being blocked when I try to send it. Please let me know what information you need.",Email,Medium,Portal,Outlook
TKT-0869,2026-07-27 18:20:00,Suspicious email received,"Hi support, A security warning appeared after I opened a downloaded file. I have a client deadline later today.",Security,High,Email,Email Gateway
TKT-0867,2026-07-23 07:31:00,Unexpected login alert,"Hello, I received a password reset notification that I did not request. I am working remotely today.",Security,Critical,Email,Email Gateway
TKT-0778,2026-08-25 15:04:00,Unusual password reset,"IT team, The account portal reported a login from a location I do not recognize. Another team member can use the same service.",Security,High,Chat,Security Operations
TKT-0093,2026-07-08 07:11:00,Account locked,"IT team, I entered the wrong password several times and my account is now locked. Please let me know what information you need.",Account Access,Medium,Chat,Project Portal
TKT-0336,2026-07-02 03:46:00,Attachment blocked,Please help. Several expected emails are missing even though the senders received no error. There is no error code displayed.,Email,Medium,Email,Email Gateway
TKT-0189,2026-07-02 14:02:00,No network access,"Hi support, Websites work but I cannot reach the shared project drive from home. I have a client deadline later today.",Network and VPN,High,Email,Remote Desktop
TKT-0358,2026-07-26 08:36:00,Attachment blocked,"Hi support, A project attachment is being blocked when I try to send it. This started this morning.",Email,Medium,Portal,Exchange Online
TKT-0782,2026-06-11 06:00:00,Unusual password reset,"IT team, I received an email asking me to sign in through a link that does not look legitimate. I am working remotely today.",Security,High,Email,Identity Portal
TKT-0105,2026-08-11 11:14:00,MFA code not working,I changed my password this morning and now my credentials are rejected. Please let me know what information you need.,Account Access,Low,Chat,Time Entry
TKT-0343,2026-07-16 20:59:00,Missing messages,Messages remain in the outbox and do not send to external recipients. This started this morning.,Email,Low,Chat,Email Gateway
TKT-0196,2026-07-26 09:24:00,Wi Fi keeps dropping,"Hi support, Websites work but I cannot reach the shared project drive from home. This started this morning.",Network and VPN,High,Chat,Project File Share
TKT-0757,2026-06-23 10:00:00,Lost company device,Please help. A security warning appeared after I opened a downloaded file. Please let me know what information you need.,Security,Medium,Portal,Security Operations
TKT-0139,2026-06-06 01:01:00,Password reset needed,Please help. The multifactor authentication code is not arriving on my phone. I have a client deadline later today.,Account Access,Medium,Chat,Project Portal
TKT-0721,2026-06-23 21:56:00,Docking station issue,"IT team, USB devices disconnect whenever I connect through the docking station. Please let me know what information you need.",Hardware,Medium,Phone,Keyboard
TKT-0739,2026-08-09 14:59:00,Laptop will not start,"Hello, Several keys stopped responding after I returned from lunch. I am working remotely today.",Hardware,Medium,Email,Monitor
TKT-0826,2026-06-04 07:20:00,Possible malware warning,"Hello, I received an email asking me to sign in through a link that does not look legitimate. The problem began after the latest update.",Security,High,Chat,Email Gateway
TKT-0183,2026-06-20 00:40:00,Wi Fi keeps dropping,"IT team, The VPN client stops while connecting and reports that the gateway is unavailable. I have a client deadline later today.",Network and VPN,Medium,Email,Corporate VPN
TKT-0369,2026-08-03 20:14:00,Email not sending,"Hello, Messages remain in the outbox and do not send to external recipients. The issue continues after a restart.",Email,Low,Email,Shared Mailbox
TKT-0450,2026-08-14 07:00:00,Mailbox is full,Please help. Outlook reports that my mailbox has reached its storage limit. Another team member can use the same service.,Email,Low,Email,Shared Mailbox
TKT-0086,2026-07-12 07:01:00,Cannot sign in,I can sign in to my laptop but the application says I do not have access. The problem began after the latest update.,Account Access,Low,Portal,Project Portal
TKT-0752,2026-06-16 05:08:00,Possible malware warning,I received an email asking me to sign in through a link that does not look legitimate. I am working remotely today.,Security,Critical,Email,Email Gateway
TKT-0703,2026-06-28 15:37:00,Battery drains quickly,The battery now lasts less than one hour after a full charge. The issue continues after a restart.,Hardware,Medium,Email,Keyboard
TKT-0445,2026-06-23 01:03:00,Email not sending,"Hi support, Messages remain in the outbox and do not send to external recipients. This started this morning.",Email,Medium,Portal,Outlook
TKT-0733,2026-07-05 19:21:00,Docking station issue,Please help. USB devices disconnect whenever I connect through the docking station. Another team member can use the same service.,Hardware,Medium,Portal,Laptop
TKT-0386,2026-06-02 03:32:00,Missing messages,"Hi support, Several expected emails are missing even though the senders received no error. I have a client deadline later today.",Email,Medium,Chat,Outlook
TKT-0841,2026-08-21 05:59:00,Lost company device,Please help. The account portal reported a login from a location I do not recognize. The issue continues after a restart.,Security,High,Email,Security Operations
TKT-0878,2026-06-25 08:05:00,Suspicious email received,Please help. I received an email asking me to sign in through a link that does not look legitimate. I am working remotely today.,Security,Critical,Phone,Identity Portal
TKT-0881,2026-08-20 18:06:00,Unexpected login alert,"Hi support, I received a password reset notification that I did not request. The issue continues after a restart.",Security,High,Phone,Email Gateway
TKT-0877,2026-07-02 07:14:00,Suspicious email received,Please help. I received a password reset notification that I did not request. Please let me know what information you need.,Security,High,Phone,Endpoint Protection
TKT-0793,2026-06-25 18:20:00,Possible malware warning,"Hi support, The account portal reported a login from a location I do not recognize. There is no error code displayed.",Security,High,Phone,Security Operations
TKT-0103,2026-08-11 18:54:00,Cannot sign in,"IT team, I can sign in to my laptop but the application says I do not have access. The issue continues after a restart.",Account Access,High,Portal,Microsoft 365
TKT-0808,2026-08-08 03:32:00,Possible malware warning,"Hi support, A security warning appeared after I opened a downloaded file. Please let me know what information you need.",Security,High,Chat,Identity Portal
TKT-0097,2026-07-11 18:30:00,Account locked,Please help. I can sign in to my laptop but the application says I do not have access. This started this morning.,Account Access,Low,Phone,Identity Portal
TKT-0419,2026-07-11 18:58:00,Email not sending,"Hello, Several expected emails are missing even though the senders received no error. I am working remotely today.",Email,Medium,Chat,Exchange Online
TKT-0387,2026-06-29 13:04:00,Too much spam,"Hello, Messages remain in the outbox and do not send to external recipients. This started this morning.",Email,Low,Chat,Exchange Online
TKT-0416,2026-08-15 23:00:00,Attachment blocked,Please help. Messages remain in the outbox and do not send to external recipients. There is no error code displayed.,Email,Medium,Portal,Email Gateway
TKT-0861,2026-06-06 09:30:00,Unexpected login alert,"IT team, A security warning appeared after I opened a downloaded file. The issue continues after a restart.",Security,High,Chat,Endpoint Protection
TKT-0742,2026-07-30 01:14:00,Battery drains quickly,"IT team, Several keys stopped responding after I returned from lunch. I have a client deadline later today.",Hardware,Medium,Phone,Docking Station
TKT-0380,2026-06-19 17:13:00,Attachment blocked,"IT team, A project attachment is being blocked when I try to send it. There is no error code displayed.",Email,Low,Phone,Email Gateway
TKT-0350,2026-08-29 06:54:00,Email not sending,Outlook reports that my mailbox has reached its storage limit. There is no error code displayed.,Email,Medium,Email,Shared Mailbox
TKT-0418,2026-07-14 20:22:00,Too much spam,"Hello, Messages remain in the outbox and do not send to external recipients. Another team member can use the same service.",Email,Low,Phone,Shared Mailbox
TKT-0714,2026-08-22 06:57:00,Laptop will not start,USB devices disconnect whenever I connect through the docking station. This started this morning.,Hardware,Medium,Phone,Keyboard
TKT-0697,2026-08-25 20:52:00,Monitor not detected,"Hello, Several keys stopped responding after I returned from lunch. There is no error code displayed.",Hardware,High,Chat,Keyboard
TKT-0447,2026-06-08 09:12:00,Attachment blocked,"IT team, A project attachment is being blocked when I try to send it. Please let me know what information you need.",Email,Medium,Portal,Email Gateway
TKT-0362,2026-08-12 06:13:00,Email not sending,Please help. A project attachment is being blocked when I try to send it. Another team member can use the same service.,Email,Medium,Chat,Exchange Online
TKT-0885,2026-06-17 01:38:00,Unusual password reset,"IT team, A security warning appeared after I opened a downloaded file. There is no error code displayed.",Security,Critical,Email,Email Gateway
TKT-0884,2026-08-10 13:39:00,Unusual password reset,Please help. My company phone is missing and may have been left in a public location. Another team member can use the same service.,Security,High,Email,Security Operations
TKT-0762,2026-08-16 23:48:00,Suspicious email received,I received an email asking me to sign in through a link that does not look legitimate. Another team member can use the same service.,Security,Medium,Email,Email Gateway
TKT-0723,2026-08-22 19:36:00,Monitor not detected,"Hi support, The laptop does not power on even when it is connected to the charger. Another team member can use the same service.",Hardware,Medium,Phone,Battery
TKT-0428,2026-07-08 05:01:00,Missing messages,I am receiving a large increase in unwanted messages today. Please let me know what information you need.,Email,Medium,Portal,Shared Mailbox
TKT-0771,2026-07-13 10:41:00,Suspicious email received,Please help. My company phone is missing and may have been left in a public location. There is no error code displayed.,Security,High,Email,Email Gateway
TKT-0709,2026-08-28 18:16:00,Battery drains quickly,"Hello, USB devices disconnect whenever I connect through the docking station. This started this morning.",Hardware,Medium,Portal,Battery
TKT-0898,2026-07-12 09:33:00,Unexpected login alert,"Hi support, I received a password reset notification that I did not request. The problem began after the latest update.",Security,Critical,Email,Security Operations
TKT-0772,2026-07-12 05:01:00,Unexpected login alert,"IT team, The account portal reported a login from a location I do not recognize. This started this morning.",Security,High,Portal,Email Gateway
TKT-0896,2026-07-23 21:56:00,Possible malware warning,"Hi support, I received an email asking me to sign in through a link that does not look legitimate. The problem began after the latest update.",Security,High,Chat,Identity Portal
TKT-0356,2026-06-16 16:39:00,Email not sending,"Hi support, I am receiving a large increase in unwanted messages today. The issue continues after a restart.",Email,Medium,Chat,Exchange Online
TKT-0729,2026-08-02 14:32:00,Docking station issue,"Hi support, The second monitor is blank and is not shown in display settings. The issue continues after a restart.",Hardware,Low,Chat,Laptop
TKT-0443,2026-08-06 07:21:00,Attachment blocked,Please help. Several expected emails are missing even though the senders received no error. I have a client deadline later today.,Email,High,Portal,Exchange Online
TKT-0420,2026-07-16 21:35:00,Mailbox is full,I am receiving a large increase in unwanted messages today. The issue continues after a restart.,Email,High,Chat,Outlook
TKT-0741,2026-08-31 10:11:00,Docking station issue,"Hello, The second monitor is blank and is not shown in display settings. Another team member can use the same service.",Hardware,Medium,Phone,Keyboard
TKT-0856,2026-08-07 04:59:00,Lost company device,"Hi support, My company phone is missing and may have been left in a public location. The issue continues after a restart.",Security,Critical,Chat,Security Operations
TKT-0727,2026-08-24 22:49:00,Docking station issue,"IT team, The laptop does not power on even when it is connected to the charger. Please let me know what information you need.",Hardware,Low,Chat,Keyboard
TKT-0342,2026-07-16 03:20:00,Mailbox is full,Please help. Several expected emails are missing even though the senders received no error. I have a client deadline later today.,Email,High,Email,Exchange Online
TKT-0371,2026-07-09 13:21:00,Too much spam,"Hello, Outlook reports that my mailbox has reached its storage limit. I have a client deadline later today.",Email,Medium,Chat,Exchange Online
TKT-0219,2026-06-25 11:38:00,Cannot reach shared drive,"Hello, Websites work but I cannot reach the shared project drive from home. The issue continues after a restart.",Network and VPN,Low,Email,Remote Desktop
TKT-0495,2026-07-20 07:29:00,Application crashes,"Hello, I need the approved software installed for a new assignment. The problem began after the latest update.",Software,Low,Chat,Project Management Tool